adaptation_seconds,domain,eval_nll,eval_rmse,model,multi_step_rmse,residual,residual_norm,seed,shots,topology
0.0,D2__mixed_composition,-41.27923583984375,0.03372505307197571,topology_only,0.16203740239143372,mixed_composition,0.0,7,0,D2
0.0,D2__mixed_composition,-43.03643798828125,0.0329667292535305,dfwm,0.13166850805282593,mixed_composition,0.0,7,0,D2
0.0,D2__mixed_composition,-49.63480758666992,0.0313836932182312,residual_only,0.11996160447597504,mixed_composition,0.0,7,0,D2
0.0,D2__mixed_composition,-47.86233901977539,0.03425837680697441,monolithic_matched,0.1258881539106369,mixed_composition,0.0,7,0,D2
0.0,D2__mixed_composition,-44.1889533996582,0.03785413131117821,history_encoder,0.19106321036815643,mixed_composition,0.0,7,0,D2
0.0,D2__mixed_composition,-45.529239654541016,0.0330442413687706,parameter_matched,0.13060766458511353,mixed_composition,0.0,7,0,D2
0.0,D2__mixed_composition,-41.27923583984375,0.03372505307197571,topology_only,0.16203740239143372,mixed_composition,0.0,7,1,D2
11.661466599995038,D2__mixed_composition,-43.8701171875,0.0335020050406456,dfwm,0.1317865550518036,mixed_composition,1.392411470413208,7,1,D2
14.04859099999885,D2__mixed_composition,-50.21194839477539,0.031129414215683937,residual_only,0.1213291734457016,mixed_composition,0.28362634778022766,7,1,D2
14.221584099999745,D2__mixed_composition,-48.28988265991211,0.03434189036488533,monolithic_matched,0.12054333835840225,mixed_composition,0.8738202452659607,7,1,D2
0.001465299996198155,D2__mixed_composition,-46.61374282836914,0.03460565581917763,history_encoder,0.17134512960910797,mixed_composition,0.86139976978302,7,1,D2
10.082024099989212,D2__mixed_composition,-46.10124588012695,0.03283524885773659,parameter_matched,0.12607192993164062,mixed_composition,1.838563323020935,7,1,D2
0.0,D2__mixed_composition,-41.27923583984375,0.03372505307197571,topology_only,0.16203740239143372,mixed_composition,0.0,7,2,D2
24.74778289999813,D2__mixed_composition,-43.862632751464844,0.03355897217988968,dfwm,0.13189953565597534,mixed_composition,1.5218061208724976,7,2,D2
28.26946450000105,D2__mixed_composition,-50.24460220336914,0.031116314232349396,residual_only,0.12270601838827133,mixed_composition,0.2962801158428192,7,2,D2
25.369946100006928,D2__mixed_composition,-48.34590530395508,0.03409412503242493,monolithic_matched,0.11969584226608276,mixed_composition,0.8707506656646729,7,2,D2
0.0006960999889997765,D2__mixed_composition,-46.592681884765625,0.034576497972011566,history_encoder,0.17141477763652802,mixed_composition,0.8584052920341492,7,2,D2
28.219817600009264,D2__mixed_composition,-46.14729309082031,0.03290204331278801,parameter_matched,0.12804478406906128,mixed_composition,2.209225654602051,7,2,D2
0.0,D2__mixed_composition,-41.27923583984375,0.03372505307197571,topology_only,0.16203740239143372,mixed_composition,0.0,7,5,D2
62.017071599999326,D2__mixed_composition,-43.878360748291016,0.03360781818628311,dfwm,0.13149696588516235,mixed_composition,1.5112261772155762,7,5,D2
65.32817989999603,D2__mixed_composition,-50.25218200683594,0.03115980140864849,residual_only,0.1228732243180275,mixed_composition,0.2892293334007263,7,5,D2
60.24252020000131,D2__mixed_composition,-48.342098236083984,0.0342409722507,monolithic_matched,0.11990737915039062,mixed_composition,0.8585614562034607,7,5,D2
0.004960400008712895,D2__mixed_composition,-46.649749755859375,0.0345456637442112,history_encoder,0.17049604654312134,mixed_composition,0.8521214723587036,7,5,D2
65.99167370000214,D2__mixed_composition,-46.140254974365234,0.03285393491387367,parameter_matched,0.1276751160621643,mixed_composition,1.853293776512146,7,5,D2
0.0,D3__mixed_composition,-41.954505920410156,0.035886283963918686,topology_only,0.2064661979675293,mixed_composition,0.0,7,0,D3
0.0,D3__mixed_composition,-43.274078369140625,0.03443479910492897,dfwm,0.15654213726520538,mixed_composition,0.0,7,0,D3
0.0,D3__mixed_composition,-44.77444839477539,0.033316172659397125,residual_only,0.1441938728094101,mixed_composition,0.0,7,0,D3
0.0,D3__mixed_composition,-43.267982482910156,0.03577426075935364,monolithic_matched,0.14231367409229279,mixed_composition,0.0,7,0,D3
0.0,D3__mixed_composition,-45.73634338378906,0.04106275737285614,history_encoder,0.2142353653907776,mixed_composition,0.0,7,0,D3
0.0,D3__mixed_composition,-42.131160736083984,0.03525238484144211,parameter_matched,0.15652236342430115,mixed_composition,0.0,7,0,D3
0.0,D3__mixed_composition,-41.954505920410156,0.035886283963918686,topology_only,0.2064661979675293,mixed_composition,0.0,7,1,D3
13.853120300002047,D3__mixed_composition,-43.88016128540039,0.03529346361756325,dfwm,0.15478521585464478,mixed_composition,1.989362359046936,7,1,D3
11.347174100010307,D3__mixed_composition,-45.56153869628906,0.033026400953531265,residual_only,0.1406666338443756,mixed_composition,0.2948566973209381,7,1,D3
8.87352120000287,D3__mixed_composition,-43.666439056396484,0.03524993732571602,monolithic_matched,0.14282789826393127,mixed_composition,1.2369093894958496,7,1,D3
0.0005468000017572194,D3__mixed_composition,-47.17400360107422,0.038243576884269714,history_encoder,0.1974932998418808,mixed_composition,0.8252646327018738,7,1,D3
12.445006199995987,D3__mixed_composition,-42.47684860229492,0.03523585572838783,parameter_matched,0.15581457316875458,mixed_composition,1.2997792959213257,7,1,D3
0.0,D3__mixed_composition,-41.954505920410156,0.035886283963918686,topology_only,0.2064661979675293,mixed_composition,0.0,7,2,D3
27.15975299999991,D3__mixed_composition,-43.89997482299805,0.035536982119083405,dfwm,0.1555073857307434,mixed_composition,2.174268960952759,7,2,D3
26.91833040000347,D3__mixed_composition,-45.553836822509766,0.03307047113776207,residual_only,0.14094509184360504,mixed_composition,0.3491363227367401,7,2,D3
26.702770400006557,D3__mixed_composition,-43.743900299072266,0.036158960312604904,monolithic_matched,0.1399959772825241,mixed_composition,1.2301712036132812,7,2,D3
0.0006422000005841255,D3__mixed_composition,-47.15768051147461,0.03791828826069832,history_encoder,0.19520744681358337,mixed_composition,1.0084688663482666,7,2,D3
26.07589929999085,D3__mixed_composition,-42.474937438964844,0.03547723591327667,parameter_matched,0.15737806260585785,mixed_composition,1.895939588546753,7,2,D3
0.0,D3__mixed_composition,-41.954505920410156,0.035886283963918686,topology_only,0.2064661979675293,mixed_composition,0.0,7,5,D3
61.614297000007355,D3__mixed_composition,-43.90923309326172,0.03534587100148201,dfwm,0.15448641777038574,mixed_composition,1.976831316947937,7,5,D3
65.65272109999205,D3__mixed_composition,-45.596343994140625,0.033090945333242416,residual_only,0.14241865277290344,mixed_composition,0.337958961725235,7,5,D3
60.125448799997685,D3__mixed_composition,-43.7600212097168,0.03590749204158783,monolithic_matched,0.13988888263702393,mixed_composition,0.9550542235374451,7,5,D3
0.0010704000014811754,D3__mixed_composition,-47.1760368347168,0.037849701941013336,history_encoder,0.1947196125984192,mixed_composition,1.0033276081085205,7,5,D3
55.82511279999744,D3__mixed_composition,-42.507808685302734,0.03544943407177925,parameter_matched,0.15670548379421234,mixed_composition,2.0175538063049316,7,5,D3
0.0,D2__mixed_composition,-43.01603317260742,0.035273779183626175,topology_only,0.17968539893627167,mixed_composition,0.0,17,0,D2
0.0,D2__mixed_composition,-37.01023483276367,0.036258865147829056,dfwm,0.16991733014583588,mixed_composition,0.0,17,0,D2
0.0,D2__mixed_composition,-51.612972259521484,0.03623649477958679,residual_only,0.16881157457828522,mixed_composition,0.0,17,0,D2
0.0,D2__mixed_composition,-48.70722961425781,0.04545670002698898,monolithic_matched,0.254866361618042,mixed_composition,0.0,17,0,D2
0.0,D2__mixed_composition,-43.27982711791992,0.03686125949025154,history_encoder,0.18040069937705994,mixed_composition,0.0,17,0,D2
0.0,D2__mixed_composition,-39.5881462097168,0.03508106619119644,parameter_matched,0.14097407460212708,mixed_composition,0.0,17,0,D2
0.0,D2__mixed_composition,-43.01603317260742,0.035273779183626175,topology_only,0.17968539893627167,mixed_composition,0.0,17,1,D2
10.711822400000528,D2__mixed_composition,-37.37907409667969,0.035983677953481674,dfwm,0.16539786756038666,mixed_composition,1.1743042469024658,17,1,D2
11.053040300001157,D2__mixed_composition,-52.68830871582031,0.03619447723031044,residual_only,0.16699185967445374,mixed_composition,0.7112705707550049,17,1,D2
11.035498899989761,D2__mixed_composition,-48.676822662353516,0.05045706033706665,monolithic_matched,0.2908622920513153,mixed_composition,1.3733783960342407,17,1,D2
0.0004896000027656555,D2__mixed_composition,-43.733001708984375,0.03689916059374809,history_encoder,0.1800011545419693,mixed_composition,0.7327940464019775,17,1,D2
8.502821400004905,D2__mixed_composition,-39.608463287353516,0.03582899644970894,parameter_matched,0.14749139547348022,mixed_composition,2.1297457218170166,17,1,D2
0.0,D2__mixed_composition,-43.01603317260742,0.035273779183626175,topology_only,0.17968539893627167,mixed_composition,0.0,17,2,D2
15.463139500003308,D2__mixed_composition,-37.70494079589844,0.035869300365448,dfwm,0.16575895249843597,mixed_composition,1.2594655752182007,17,2,D2
20.170989799997187,D2__mixed_composition,-52.714107513427734,0.036160387098789215,residual_only,0.1665698140859604,mixed_composition,0.6339343786239624,17,2,D2
19.28344119999383,D2__mixed_composition,-48.74839401245117,0.050191450864076614,monolithic_matched,0.2889484763145447,mixed_composition,1.2780135869979858,17,2,D2
0.0005668000085279346,D2__mixed_composition,-43.674625396728516,0.03689683973789215,history_encoder,0.18020111322402954,mixed_composition,0.6424981355667114,17,2,D2
15.241889600001741,D2__mixed_composition,-40.542518615722656,0.0354129783809185,parameter_matched,0.1462242156267166,mixed_composition,1.9054328203201294,17,2,D2
0.0,D2__mixed_composition,-43.01603317260742,0.035273779183626175,topology_only,0.17968539893627167,mixed_composition,0.0,17,5,D2
46.541798700010986,D2__mixed_composition,-37.77229690551758,0.035908181220293045,dfwm,0.16556158661842346,mixed_composition,1.3869348764419556,17,5,D2
41.079383200005395,D2__mixed_composition,-52.73312759399414,0.03606877103447914,residual_only,0.1654191017150879,mixed_composition,0.566646933555603,17,5,D2
45.680726399994455,D2__mixed_composition,-48.81090545654297,0.048689186573028564,monolithic_matched,0.2775997817516327,mixed_composition,0.9364283680915833,17,5,D2
0.0003921000025002286,D2__mixed_composition,-43.67724609375,0.03689064458012581,history_encoder,0.18005667626857758,mixed_composition,0.6579325199127197,17,5,D2
42.21754039998632,D2__mixed_composition,-40.93809509277344,0.03525174409151077,parameter_matched,0.14637306332588196,mixed_composition,1.861535668373108,17,5,D2
0.0,D3__mixed_composition,-43.11051940917969,0.034279994666576385,topology_only,0.17989316582679749,mixed_composition,0.0,17,0,D3
0.0,D3__mixed_composition,-36.10736846923828,0.03383722901344299,dfwm,0.1613328456878662,mixed_composition,0.0,17,0,D3
0.0,D3__mixed_composition,-47.10456466674805,0.03377537429332733,residual_only,0.15090368688106537,mixed_composition,0.0,17,0,D3
0.0,D3__mixed_composition,-45.306182861328125,0.04575789347290993,monolithic_matched,0.24987243115901947,mixed_composition,0.0,17,0,D3
0.0,D3__mixed_composition,-43.872406005859375,0.03473394736647606,history_encoder,0.16675296425819397,mixed_composition,0.0,17,0,D3
0.0,D3__mixed_composition,-37.70252227783203,0.0327940434217453,parameter_matched,0.128720223903656,mixed_composition,0.0,17,0,D3
0.0,D3__mixed_composition,-43.11051940917969,0.034279994666576385,topology_only,0.17989316582679749,mixed_composition,0.0,17,1,D3
9.612082999999984,D3__mixed_composition,-36.87409591674805,0.03392735496163368,dfwm,0.16336849331855774,mixed_composition,1.6083927154541016,17,1,D3
7.801219100001617,D3__mixed_composition,-47.67510986328125,0.03361017256975174,residual_only,0.15354055166244507,mixed_composition,0.7381486892700195,17,1,D3
7.189734600004158,D3__mixed_composition,-45.63716125488281,0.04832921549677849,monolithic_matched,0.26338064670562744,mixed_composition,1.0959455966949463,17,1,D3
0.0003667999990284443,D3__mixed_composition,-44.17850875854492,0.034717172384262085,history_encoder,0.1652245670557022,mixed_composition,0.8611449599266052,17,1,D3
7.049934900001972,D3__mixed_composition,-39.71976089477539,0.03317912667989731,parameter_matched,0.13321098685264587,mixed_composition,1.6418579816818237,17,1,D3
0.0,D3__mixed_composition,-43.11051940917969,0.034279994666576385,topology_only,0.17989316582679749,mixed_composition,0.0,17,2,D3
17.813567699995474,D3__mixed_composition,-36.82826232910156,0.03388472646474838,dfwm,0.1633523553609848,mixed_composition,1.7630642652511597,17,2,D3
19.258582900001784,D3__mixed_composition,-47.62779235839844,0.03355620428919792,residual_only,0.15081922709941864,mixed_composition,0.691565215587616,17,2,D3
16.923149700000067,D3__mixed_composition,-45.63216018676758,0.045552920550107956,monolithic_matched,0.251131147146225,mixed_composition,0.8395491242408752,17,2,D3
0.0003704999980982393,D3__mixed_composition,-44.199371337890625,0.03475658595561981,history_encoder,0.16466476023197174,mixed_composition,1.055810570716858,17,2,D3
14.90875750000123,D3__mixed_composition,-39.59694290161133,0.03315562754869461,parameter_matched,0.13147149980068207,mixed_composition,1.7138783931732178,17,2,D3
0.0,D3__mixed_composition,-43.11051940917969,0.034279994666576385,topology_only,0.17989316582679749,mixed_composition,0.0,17,5,D3
45.894739199997275,D3__mixed_composition,-36.77717971801758,0.033973727375268936,dfwm,0.16380970180034637,mixed_composition,1.9480661153793335,17,5,D3
44.027375299992855,D3__mixed_composition,-47.66282653808594,0.033458828926086426,residual_only,0.14992724359035492,mixed_composition,0.5880847573280334,17,5,D3
42.71577110000362,D3__mixed_composition,-45.709075927734375,0.04569550231099129,monolithic_matched,0.24884434044361115,mixed_composition,0.8266013264656067,17,5,D3
0.000498099994729273,D3__mixed_composition,-44.20481872558594,0.0347309485077858,history_encoder,0.16468553245067596,mixed_composition,1.0090826749801636,17,5,D3
41.81325319998723,D3__mixed_composition,-39.51848220825195,0.03327740356326103,parameter_matched,0.13229484856128693,mixed_composition,1.7310560941696167,17,5,D3
0.0,D2__mixed_composition,-47.92555618286133,0.03904906287789345,topology_only,0.17280715703964233,mixed_composition,0.0,27,0,D2
0.0,D2__mixed_composition,-45.6003303527832,0.03781161829829216,dfwm,0.1878172606229782,mixed_composition,0.0,27,0,D2
0.0,D2__mixed_composition,-43.518062591552734,0.03660205751657486,residual_only,0.1689668744802475,mixed_composition,0.0,27,0,D2
0.0,D2__mixed_composition,-47.29256057739258,0.03833191841840744,monolithic_matched,0.18889214098453522,mixed_composition,0.0,27,0,D2
0.0,D2__mixed_composition,-45.7478141784668,0.03868873789906502,history_encoder,0.17581883072853088,mixed_composition,0.0,27,0,D2
0.0,D2__mixed_composition,-44.93104934692383,0.038334861397743225,parameter_matched,0.17614538967609406,mixed_composition,0.0,27,0,D2
0.0,D2__mixed_composition,-47.92555618286133,0.03904906287789345,topology_only,0.17280715703964233,mixed_composition,0.0,27,1,D2
9.93854879999708,D2__mixed_composition,-45.7028923034668,0.03800474479794502,dfwm,0.17945115268230438,mixed_composition,1.3542267084121704,27,1,D2
8.515511299992795,D2__mixed_composition,-44.019527435302734,0.036762114614248276,residual_only,0.17142559587955475,mixed_composition,0.5491965413093567,27,1,D2
7.373800500005018,D2__mixed_composition,-47.63874053955078,0.03878393769264221,monolithic_matched,0.1848377287387848,mixed_composition,0.8780127167701721,27,1,D2
0.00036499999987427145,D2__mixed_composition,-46.62303161621094,0.037878844887018204,history_encoder,0.17244693636894226,mixed_composition,0.7956949472427368,27,1,D2
8.268024100005277,D2__mixed_composition,-45.24327850341797,0.04199341684579849,parameter_matched,0.2001282423734665,mixed_composition,3.4319002628326416,27,1,D2
0.0,D2__mixed_composition,-47.92555618286133,0.03904906287789345,topology_only,0.17280715703964233,mixed_composition,0.0,27,2,D2
19.456231799995294,D2__mixed_composition,-45.720741271972656,0.03786344826221466,dfwm,0.18075431883335114,mixed_composition,1.2367478609085083,27,2,D2
19.49403750000056,D2__mixed_composition,-44.081817626953125,0.036673374474048615,residual_only,0.1715945601463318,mixed_composition,0.5176857709884644,27,2,D2
15.373827400006121,D2__mixed_composition,-47.68086624145508,0.03874021768569946,monolithic_matched,0.18434816598892212,mixed_composition,0.8209885954856873,27,2,D2
0.0003752000047825277,D2__mixed_composition,-46.61624526977539,0.037903279066085815,history_encoder,0.17275434732437134,mixed_composition,0.802983820438385,27,2,D2
18.122567500002333,D2__mixed_composition,-45.26806640625,0.04145888239145279,parameter_matched,0.19666314125061035,mixed_composition,3.246725559234619,27,2,D2
0.0,D2__mixed_composition,-47.92555618286133,0.03904906287789345,topology_only,0.17280715703964233,mixed_composition,0.0,27,5,D2
46.662495099997614,D2__mixed_composition,-45.724674224853516,0.03784717991948128,dfwm,0.18125395476818085,mixed_composition,1.1334240436553955,27,5,D2
42.40247279999312,D2__mixed_composition,-44.070770263671875,0.036620259284973145,residual_only,0.17142049968242645,mixed_composition,0.43099433183670044,27,5,D2
43.718753399996785,D2__mixed_composition,-47.67610168457031,0.038761239498853683,monolithic_matched,0.18401400744915009,mixed_composition,0.8077709674835205,27,5,D2
0.00046660000225529075,D2__mixed_composition,-46.6191291809082,0.0378885380923748,history_encoder,0.17274387180805206,mixed_composition,0.8012306094169617,27,5,D2
46.63828860000649,D2__mixed_composition,-45.28153610229492,0.04142627865076065,parameter_matched,0.19702742993831635,mixed_composition,3.2312755584716797,27,5,D2
0.0,D3__mixed_composition,-47.93815994262695,0.032815929502248764,topology_only,0.13893862068653107,mixed_composition,0.0,27,0,D3
0.0,D3__mixed_composition,-45.621421813964844,0.031315192580223083,dfwm,0.14308014512062073,mixed_composition,0.0,27,0,D3
0.0,D3__mixed_composition,-44.7099494934082,0.030830267816781998,residual_only,0.12532612681388855,mixed_composition,0.0,27,0,D3
0.0,D3__mixed_composition,-47.16910171508789,0.032197993248701096,monolithic_matched,0.1527089923620224,mixed_composition,0.0,27,0,D3
0.0,D3__mixed_composition,-42.369834899902344,0.03180587664246559,history_encoder,0.13307954370975494,mixed_composition,0.0,27,0,D3
0.0,D3__mixed_composition,-42.3150634765625,0.032061707228422165,parameter_matched,0.14162826538085938,mixed_composition,0.0,27,0,D3
0.0,D3__mixed_composition,-47.93815994262695,0.032815929502248764,topology_only,0.13893862068653107,mixed_composition,0.0,27,1,D3
9.545296099997358,D3__mixed_composition,-45.87889862060547,0.03158441558480263,dfwm,0.14338839054107666,mixed_composition,1.071354627609253,27,1,D3
7.5042896999948425,D3__mixed_composition,-45.450862884521484,0.030292727053165436,residual_only,0.12822887301445007,mixed_composition,0.5644274950027466,27,1,D3
7.092867700004717,D3__mixed_composition,-47.896705627441406,0.032373201102018356,monolithic_matched,0.1463961899280548,mixed_composition,0.6718025207519531,27,1,D3
0.0003522000042721629,D3__mixed_composition,-42.83961868286133,0.031211448833346367,history_encoder,0.13184373080730438,mixed_composition,0.7584117650985718,27,1,D3
7.203796899993904,D3__mixed_composition,-43.04059600830078,0.03234636411070824,parameter_matched,0.15011177957057953,mixed_composition,1.5957931280136108,27,1,D3
0.0,D3__mixed_composition,-47.93815994262695,0.032815929502248764,topology_only,0.13893862068653107,mixed_composition,0.0,27,2,D3
18.726833599997917,D3__mixed_composition,-45.891380310058594,0.03152211382985115,dfwm,0.1440104991197586,mixed_composition,1.0088434219360352,27,2,D3
19.451815799999167,D3__mixed_composition,-45.56985092163086,0.030318286269903183,residual_only,0.12903445959091187,mixed_composition,0.536380410194397,27,2,D3
19.149938899994595,D3__mixed_composition,-47.90979766845703,0.03249725326895714,monolithic_matched,0.1453992873430252,mixed_composition,0.7238269448280334,27,2,D3
0.0004768999933730811,D3__mixed_composition,-42.83635711669922,0.031202077865600586,history_encoder,0.13161011040210724,mixed_composition,0.7872576713562012,27,2,D3
14.833366699996986,D3__mixed_composition,-43.06452941894531,0.032524026930332184,parameter_matched,0.1497359424829483,mixed_composition,1.5095032453536987,27,2,D3
0.0,D3__mixed_composition,-47.93815994262695,0.032815929502248764,topology_only,0.13893862068653107,mixed_composition,0.0,27,5,D3
47.605445200009854,D3__mixed_composition,-45.8968505859375,0.03151954710483551,dfwm,0.14585809409618378,mixed_composition,0.9811255931854248,27,5,D3
43.61326990000089,D3__mixed_composition,-45.59514617919922,0.030440784990787506,residual_only,0.13062149286270142,mixed_composition,0.5220096111297607,27,5,D3
44.854413600012776,D3__mixed_composition,-47.91740036010742,0.032306261360645294,monolithic_matched,0.14695309102535248,mixed_composition,0.6255841851234436,27,5,D3
0.0006505000055767596,D3__mixed_composition,-42.85068130493164,0.031176583841443062,history_encoder,0.13178282976150513,mixed_composition,0.8365194201469421,27,5,D3
46.5467287000065,D3__mixed_composition,-43.06535339355469,0.032502491027116776,parameter_matched,0.1497327983379364,mixed_composition,1.4240190982818604,27,5,D3
0.0,D2__mixed_composition,-45.39564514160156,0.04738589748740196,topology_only,0.2551668584346771,mixed_composition,0.0,42,0,D2
0.0,D2__mixed_composition,-54.34075164794922,0.034297168254852295,dfwm,0.14472052454948425,mixed_composition,0.0,42,0,D2
0.0,D2__mixed_composition,-45.57433319091797,0.034425340592861176,residual_only,0.16136763989925385,mixed_composition,0.0,42,0,D2
0.0,D2__mixed_composition,-50.44142150878906,0.034742601215839386,monolithic_matched,0.1619492471218109,mixed_composition,0.0,42,0,D2
0.0,D2__mixed_composition,-32.93010330200195,0.035744041204452515,history_encoder,0.18717250227928162,mixed_composition,0.0,42,0,D2
0.0,D2__mixed_composition,-39.28107833862305,0.03577446565032005,parameter_matched,0.17132380604743958,mixed_composition,0.0,42,0,D2
0.0,D2__mixed_composition,-45.39564514160156,0.04738589748740196,topology_only,0.2551668584346771,mixed_composition,0.0,42,1,D2
9.691981099997065,D2__mixed_composition,-54.7620964050293,0.034126896411180496,dfwm,0.14142365753650665,mixed_composition,1.89817476272583,42,1,D2
9.648293199992622,D2__mixed_composition,-45.867820739746094,0.03482329472899437,residual_only,0.17067526280879974,mixed_composition,0.28329750895500183,42,1,D2
9.783642100010184,D2__mixed_composition,-50.90744400024414,0.0345505028963089,monolithic_matched,0.16212198138237,mixed_composition,1.0016230344772339,42,1,D2
0.0005936999950790778,D2__mixed_composition,-35.58134841918945,0.03507879003882408,history_encoder,0.1820993274450302,mixed_composition,0.8543499708175659,42,1,D2
9.932193200002075,D2__mixed_composition,-39.59115982055664,0.04005219414830208,parameter_matched,0.20499354600906372,mixed_composition,3.457317590713501,42,1,D2
0.0,D2__mixed_composition,-45.39564514160156,0.04738589748740196,topology_only,0.2551668584346771,mixed_composition,0.0,42,2,D2
19.928465499993763,D2__mixed_composition,-54.761512756347656,0.034175775945186615,dfwm,0.14220869541168213,mixed_composition,1.5346747636795044,42,2,D2
19.382672099993215,D2__mixed_composition,-45.699588775634766,0.03519944101572037,residual_only,0.1756701022386551,mixed_composition,0.41128984093666077,42,2,D2
17.546965800007456,D2__mixed_composition,-50.904212951660156,0.03455405682325363,monolithic_matched,0.16245174407958984,mixed_composition,0.8689050078392029,42,2,D2
0.0004981999954907224,D2__mixed_composition,-35.4605598449707,0.03508095070719719,history_encoder,0.18232323229312897,mixed_composition,0.689186692237854,42,2,D2
19.487413499999093,D2__mixed_composition,-39.60076141357422,0.04009032994508743,parameter_matched,0.20437300205230713,mixed_composition,3.4537289142608643,42,2,D2
0.0,D2__mixed_composition,-45.39564514160156,0.04738589748740196,topology_only,0.2551668584346771,mixed_composition,0.0,42,5,D2
45.93862909999734,D2__mixed_composition,-54.69730758666992,0.034300729632377625,dfwm,0.14405260980129242,mixed_composition,1.1726635694503784,42,5,D2
48.69743010000093,D2__mixed_composition,-45.656002044677734,0.035004910081624985,residual_only,0.1720891296863556,mixed_composition,0.3463134467601776,42,5,D2
48.9813232000015,D2__mixed_composition,-50.887184143066406,0.034613244235515594,monolithic_matched,0.16323253512382507,mixed_composition,0.7843818664550781,42,5,D2
0.0005300000048009679,D2__mixed_composition,-35.47332000732422,0.035073403269052505,history_encoder,0.18239682912826538,mixed_composition,0.7003954648971558,42,5,D2
46.70675389999815,D2__mixed_composition,-39.599029541015625,0.04018143564462662,parameter_matched,0.20475666224956512,mixed_composition,3.480725049972534,42,5,D2
0.0,D3__mixed_composition,-39.65105438232422,0.046916164457798004,topology_only,0.26548030972480774,mixed_composition,0.0,42,0,D3
0.0,D3__mixed_composition,-49.46400833129883,0.03371015191078186,dfwm,0.15133628249168396,mixed_composition,0.0,42,0,D3
0.0,D3__mixed_composition,-41.36300277709961,0.0349155068397522,residual_only,0.18062089383602142,mixed_composition,0.0,42,0,D3
0.0,D3__mixed_composition,-45.07014465332031,0.033848393708467484,monolithic_matched,0.16484318673610687,mixed_composition,0.0,42,0,D3
0.0,D3__mixed_composition,-31.377809524536133,0.03601989895105362,history_encoder,0.18840210139751434,mixed_composition,0.0,42,0,D3
0.0,D3__mixed_composition,-39.61017990112305,0.035204458981752396,parameter_matched,0.18480923771858215,mixed_composition,0.0,42,0,D3
0.0,D3__mixed_composition,-39.65105438232422,0.046916164457798004,topology_only,0.26548030972480774,mixed_composition,0.0,42,1,D3
9.868896600004518,D3__mixed_composition,-49.77699279785156,0.03384869545698166,dfwm,0.1515408158302307,mixed_composition,1.4351789951324463,42,1,D3
9.683158399988315,D3__mixed_composition,-42.27068328857422,0.036261968314647675,residual_only,0.19641423225402832,mixed_composition,0.5604512691497803,42,1,D3
9.738715999992564,D3__mixed_composition,-46.195167541503906,0.03347343951463699,monolithic_matched,0.16310854256153107,mixed_composition,0.8489527106285095,42,1,D3
0.0005493999924510717,D3__mixed_composition,-33.87333297729492,0.03514525294303894,history_encoder,0.18142789602279663,mixed_composition,0.7099631428718567,42,1,D3
9.740543799998704,D3__mixed_composition,-39.74214172363281,0.03826381638646126,parameter_matched,0.21266725659370422,mixed_composition,3.79472279548645,42,1,D3
0.0,D3__mixed_composition,-39.65105438232422,0.046916164457798004,topology_only,0.26548030972480774,mixed_composition,0.0,42,2,D3
19.323524300009012,D3__mixed_composition,-49.7629508972168,0.0337456576526165,dfwm,0.1509476751089096,mixed_composition,1.3951650857925415,42,2,D3
19.269800900001428,D3__mixed_composition,-42.24089431762695,0.03631848469376564,residual_only,0.1953957974910736,mixed_composition,0.48115211725234985,42,2,D3
17.533340599999065,D3__mixed_composition,-46.21001434326172,0.033545445650815964,monolithic_matched,0.1632179468870163,mixed_composition,0.8880038261413574,42,2,D3
0.0005034000059822574,D3__mixed_composition,-33.855125427246094,0.03517170995473862,history_encoder,0.18142490088939667,mixed_composition,0.6899155974388123,42,2,D3
19.492420399998082,D3__mixed_composition,-39.7172737121582,0.037450388073921204,parameter_matched,0.20657332241535187,mixed_composition,3.4052515029907227,42,2,D3
0.0,D3__mixed_composition,-39.65105438232422,0.046916164457798004,topology_only,0.26548030972480774,mixed_composition,0.0,42,5,D3
49.088893099993584,D3__mixed_composition,-49.78847122192383,0.03377273678779602,dfwm,0.15139755606651306,mixed_composition,1.1465063095092773,42,5,D3
47.3711323000025,D3__mixed_composition,-42.276634216308594,0.03578724339604378,residual_only,0.19087330996990204,mixed_composition,0.41177403926849365,42,5,D3
48.86387430000468,D3__mixed_composition,-46.22117233276367,0.033538419753313065,monolithic_matched,0.1636423021554947,mixed_composition,0.8867763876914978,42,5,D3
0.000516500003868714,D3__mixed_composition,-33.62273406982422,0.0352884903550148,history_encoder,0.18259237706661224,mixed_composition,0.5593412518501282,42,5,D3
48.339943500002846,D3__mixed_composition,-39.75395965576172,0.037761807441711426,parameter_matched,0.20646129548549652,mixed_composition,3.1745100021362305,42,5,D3
0.0,D2__mixed_composition,-43.72747039794922,0.03626229614019394,topology_only,0.16097919642925262,mixed_composition,0.0,51,0,D2
0.0,D2__mixed_composition,-40.78184509277344,0.03633371740579605,dfwm,0.15734101831912994,mixed_composition,0.0,51,0,D2
0.0,D2__mixed_composition,-44.15325164794922,0.03621411696076393,residual_only,0.1792193055152893,mixed_composition,0.0,51,0,D2
0.0,D2__mixed_composition,-38.65060806274414,0.03605896979570389,monolithic_matched,0.1701236218214035,mixed_composition,0.0,51,0,D2
0.0,D2__mixed_composition,-44.389041900634766,0.036623209714889526,history_encoder,0.1443701982498169,mixed_composition,0.0,51,0,D2
0.0,D2__mixed_composition,-40.858360290527344,0.035603757947683334,parameter_matched,0.14538733661174774,mixed_composition,0.0,51,0,D2
0.0,D2__mixed_composition,-43.72747039794922,0.03626229614019394,topology_only,0.16097919642925262,mixed_composition,0.0,51,1,D2
9.529729299989413,D2__mixed_composition,-41.09962844848633,0.03652642294764519,dfwm,0.17110034823417664,mixed_composition,2.1255903244018555,51,1,D2
9.609508800000185,D2__mixed_composition,-44.48630142211914,0.03578776493668556,residual_only,0.1813422292470932,mixed_composition,0.47203031182289124,51,1,D2
9.529467700005625,D2__mixed_composition,-39.05173110961914,0.03779666870832443,monolithic_matched,0.18723438680171967,mixed_composition,1.4692038297653198,51,1,D2
0.0004965999978594482,D2__mixed_composition,-44.767818450927734,0.035636577755212784,history_encoder,0.14196161925792694,mixed_composition,0.5887455344200134,51,1,D2
9.556918600006611,D2__mixed_composition,-41.1243896484375,0.03567269816994667,parameter_matched,0.14426472783088684,mixed_composition,0.871097981929779,51,1,D2
0.0,D2__mixed_composition,-43.72747039794922,0.03626229614019394,topology_only,0.16097919642925262,mixed_composition,0.0,51,2,D2
19.098421599992434,D2__mixed_composition,-41.113616943359375,0.036511484533548355,dfwm,0.1744888424873352,mixed_composition,2.2964301109313965,51,2,D2
19.056948600002215,D2__mixed_composition,-44.51283264160156,0.03602166101336479,residual_only,0.18260742723941803,mixed_composition,0.7228395342826843,51,2,D2
19.257140000001527,D2__mixed_composition,-39.05671310424805,0.037839051336050034,monolithic_matched,0.18783827126026154,mixed_composition,1.539042353630066,51,2,D2
0.0004900000058114529,D2__mixed_composition,-44.68897247314453,0.03566771373152733,history_encoder,0.142227903008461,mixed_composition,0.6210178136825562,51,2,D2
19.496986700003617,D2__mixed_composition,-41.12590408325195,0.035629063844680786,parameter_matched,0.14422166347503662,mixed_composition,0.7575462460517883,51,2,D2
0.0,D2__mixed_composition,-43.72747039794922,0.03626229614019394,topology_only,0.16097919642925262,mixed_composition,0.0,51,5,D2
49.02587250000215,D2__mixed_composition,-41.11561965942383,0.036703310906887054,dfwm,0.17396974563598633,mixed_composition,2.3193039894104004,51,5,D2
48.63675759999023,D2__mixed_composition,-44.51775360107422,0.036048226058483124,residual_only,0.18307346105575562,mixed_composition,0.725838840007782,51,5,D2
49.080030400000396,D2__mixed_composition,-39.05878829956055,0.03793118894100189,monolithic_matched,0.1887742131948471,mixed_composition,1.5334721803665161,51,5,D2
0.0005172999954083934,D2__mixed_composition,-44.68946838378906,0.03565383702516556,history_encoder,0.1423487514257431,mixed_composition,0.6513679623603821,51,5,D2
48.75488749999204,D2__mixed_composition,-41.12232971191406,0.03563857823610306,parameter_matched,0.1448785811662674,mixed_composition,0.7056257724761963,51,5,D2
0.0,D3__mixed_composition,-44.02649688720703,0.03541824594140053,topology_only,0.1661689132452011,mixed_composition,0.0,51,0,D3
0.0,D3__mixed_composition,-40.95103073120117,0.03530039265751839,dfwm,0.168969064950943,mixed_composition,0.0,51,0,D3
0.0,D3__mixed_composition,-44.08910369873047,0.035881999880075455,residual_only,0.1837100386619568,mixed_composition,0.0,51,0,D3
0.0,D3__mixed_composition,-38.97762680053711,0.03637624904513359,monolithic_matched,0.18024970591068268,mixed_composition,0.0,51,0,D3
0.0,D3__mixed_composition,-43.99626922607422,0.03565925359725952,history_encoder,0.15166793763637543,mixed_composition,0.0,51,0,D3
0.0,D3__mixed_composition,-40.83396530151367,0.03584549203515053,parameter_matched,0.16372935473918915,mixed_composition,0.0,51,0,D3
0.0,D3__mixed_composition,-44.02649688720703,0.03541824594140053,topology_only,0.1661689132452011,mixed_composition,0.0,51,1,D3
9.661235600011423,D3__mixed_composition,-41.02600860595703,0.03563423827290535,dfwm,0.1765015423297882,mixed_composition,1.2563055753707886,51,1,D3
9.737077199999476,D3__mixed_composition,-44.43592071533203,0.03640533238649368,residual_only,0.1841369867324829,mixed_composition,0.9912306666374207,51,1,D3
9.666553100003512,D3__mixed_composition,-39.46578598022461,0.03864109516143799,monolithic_matched,0.19704142212867737,mixed_composition,2.0344252586364746,51,1,D3
0.0004400000034365803,D3__mixed_composition,-44.3662223815918,0.035438623279333115,history_encoder,0.15632358193397522,mixed_composition,0.9913091659545898,51,1,D3
9.764564600001904,D3__mixed_composition,-41.2265625,0.03585352748632431,parameter_matched,0.167384535074234,mixed_composition,1.7598679065704346,51,1,D3
0.0,D3__mixed_composition,-44.02649688720703,0.03541824594140053,topology_only,0.1661689132452011,mixed_composition,0.0,51,2,D3
19.38240479999513,D3__mixed_composition,-41.01823425292969,0.03570345789194107,dfwm,0.17596155405044556,mixed_composition,1.3432605266571045,51,2,D3
19.48676699999487,D3__mixed_composition,-44.4273567199707,0.03665035590529442,residual_only,0.18292702734470367,mixed_composition,1.0169661045074463,51,2,D3
19.61533749999944,D3__mixed_composition,-39.46904373168945,0.0385180301964283,monolithic_matched,0.19852760434150696,mixed_composition,1.7313789129257202,51,2,D3
0.0005283000064082444,D3__mixed_composition,-44.3309211730957,0.03542661294341087,history_encoder,0.15614314377307892,mixed_composition,0.955905556678772,51,2,D3
19.49593350000214,D3__mixed_composition,-41.22429275512695,0.03604235127568245,parameter_matched,0.16553552448749542,mixed_composition,1.5404659509658813,51,2,D3
0.0,D3__mixed_composition,-44.02649688720703,0.03541824594140053,topology_only,0.1661689132452011,mixed_composition,0.0,51,5,D3
48.9323801999999,D3__mixed_composition,-41.01479721069336,0.03576530143618584,dfwm,0.17737789452075958,mixed_composition,1.4250364303588867,51,5,D3
48.14884820001316,D3__mixed_composition,-44.437931060791016,0.03653678297996521,residual_only,0.18499673902988434,mixed_composition,0.9823678135871887,51,5,D3
48.19990799999505,D3__mixed_composition,-39.46236801147461,0.03848071023821831,monolithic_matched,0.19791316986083984,mixed_composition,1.6433255672454834,51,5,D3
0.0007352999964496121,D3__mixed_composition,-44.31379699707031,0.03529497981071472,history_encoder,0.15508145093917847,mixed_composition,0.8674653768539429,51,5,D3
48.47844829999667,D3__mixed_composition,-41.2339973449707,0.03585214912891388,parameter_matched,0.16542530059814453,mixed_composition,1.2861356735229492,51,5,D3
