camera,frame_index,grab_start_monotonic_ns,grab_end_monotonic_ns,capture_mid_monotonic_ns,host_utc,device_frame_id,device_timestamp,width,height
daheng_sn_FDE23080341,0,180840890000000,180840906000000,180840898000000,2026-09-05T07:07:59.661423+00:00,0,15189348562000,1920,1200
daheng_sn_FDE23080341,1,180840984000000,180840984000000,180840984000000,2026-09-05T07:07:59.723224+00:00,1,15189356246800,1920,1200
daheng_sn_FDE23080341,2,180841078000000,180841078000000,180841078000000,2026-09-05T07:07:59.818979+00:00,2,15189363931600,1920,1200
daheng_sn_FDE23080341,3,180841171000000,180841171000000,180841171000000,2026-09-05T07:07:59.926331+00:00,3,15189371616400,1920,1200
directshow_index_1,0,180840937000000,180841203000000,180841070000000,2026-09-05T07:07:59.927322+00:00,,,640,480
directshow_index_1,1,180841203000000,180841218000000,180841210500000,2026-09-05T07:07:59.953355+00:00,,,640,480
daheng_sn_FDE23080341,4,180841265000000,180841265000000,180841265000000,2026-09-05T07:08:00.010656+00:00,4,15189379301200,1920,1200
directshow_index_1,2,180841296000000,180841296000000,180841296000000,2026-09-05T07:08:00.016675+00:00,,,640,480
daheng_sn_FDE23080341,5,180841359000000,180841359000000,180841359000000,2026-09-05T07:08:00.100179+00:00,5,15189386986000,1920,1200
directshow_index_1,3,180841390000000,180841390000000,180841390000000,2026-09-05T07:08:00.111348+00:00,,,640,480
daheng_sn_FDE23080341,6,180841453000000,180841453000000,180841453000000,2026-09-05T07:08:00.201318+00:00,6,15189394670800,1920,1200
directshow_index_1,4,180841484000000,180841484000000,180841484000000,2026-09-05T07:08:00.209318+00:00,,,640,480
daheng_sn_FDE23080341,7,180841546000000,180841546000000,180841546000000,2026-09-05T07:08:00.292684+00:00,7,15189402355600,1920,1200
directshow_index_1,5,180841578000000,180841578000000,180841578000000,2026-09-05T07:08:00.302212+00:00,,,640,480
daheng_sn_FDE23080341,8,180841640000000,180841640000000,180841640000000,2026-09-05T07:08:00.387824+00:00,8,15189410040400,1920,1200
directshow_index_1,6,180841671000000,180841671000000,180841671000000,2026-09-05T07:08:00.395820+00:00,,,640,480
daheng_sn_FDE23080341,9,180841734000000,180841734000000,180841734000000,2026-09-05T07:08:00.476929+00:00,9,15189417725200,1920,1200
directshow_index_1,7,180841765000000,180841765000000,180841765000000,2026-09-05T07:08:00.489465+00:00,,,640,480
daheng_sn_FDE23080341,10,180841828000000,180841828000000,180841828000000,2026-09-05T07:08:00.574130+00:00,10,15189425410000,1920,1200
directshow_index_1,8,180841859000000,180841859000000,180841859000000,2026-09-05T07:08:00.579128+00:00,,,640,480
daheng_sn_FDE23080341,11,180841921000000,180841921000000,180841921000000,2026-09-05T07:08:00.664755+00:00,11,15189433094800,1920,1200
directshow_index_1,9,180841953000000,180841953000000,180841953000000,2026-09-05T07:08:00.673762+00:00,,,640,480
daheng_sn_FDE23080341,12,180842015000000,180842015000000,180842015000000,2026-09-05T07:08:00.758388+00:00,12,15189440779600,1920,1200
directshow_index_1,10,180842046000000,180842046000000,180842046000000,2026-09-05T07:08:00.771902+00:00,,,640,480
daheng_sn_FDE23080341,13,180842109000000,180842109000000,180842109000000,2026-09-05T07:08:00.853988+00:00,23,15189525312400,1920,1200
directshow_index_1,11,180842140000000,180842140000000,180842140000000,2026-09-05T07:08:00.859992+00:00,,,640,480
daheng_sn_FDE23080341,14,180842203000000,180842203000000,180842203000000,2026-09-05T07:08:00.944598+00:00,36,15189625214800,1920,1200
directshow_index_1,12,180842234000000,180842234000000,180842234000000,2026-09-05T07:08:00.956596+00:00,,,640,480
daheng_sn_FDE23080341,15,180842296000000,180842296000000,180842296000000,2026-09-05T07:08:01.038272+00:00,48,15189717432400,1920,1200
directshow_index_1,13,180842328000000,180842328000000,180842328000000,2026-09-05T07:08:01.051782+00:00,,,640,480
daheng_sn_FDE23080341,16,180842390000000,180842390000000,180842390000000,2026-09-05T07:08:01.132448+00:00,60,15189809650000,1920,1200
directshow_index_1,14,180842421000000,180842421000000,180842421000000,2026-09-05T07:08:01.142034+00:00,,,640,480
daheng_sn_FDE23080341,17,180842484000000,180842484000000,180842484000000,2026-09-05T07:08:01.225562+00:00,72,15189901867600,1920,1200
directshow_index_1,15,180842515000000,180842515000000,180842515000000,2026-09-05T07:08:01.235225+00:00,,,640,480
directshow_index_1,16,180842609000000,180842609000000,180842609000000,2026-09-05T07:08:01.333310+00:00,,,640,480
daheng_sn_FDE23080341,18,180842578000000,180842578000000,180842578000000,2026-09-05T07:08:01.337890+00:00,85,15190001770000,1920,1200
directshow_index_1,17,180842703000000,180842703000000,180842703000000,2026-09-05T07:08:01.425460+00:00,,,640,480
daheng_sn_FDE23080341,19,180842671000000,180842671000000,180842671000000,2026-09-05T07:08:01.441172+00:00,97,15190093987600,1920,1200
daheng_sn_FDE23080341,20,180842765000000,180842765000000,180842765000000,2026-09-05T07:08:01.514725+00:00,109,15190186205200,1920,1200
directshow_index_1,18,180842796000000,180842796000000,180842796000000,2026-09-05T07:08:01.517720+00:00,,,640,480
daheng_sn_FDE23080341,21,180842859000000,180842859000000,180842859000000,2026-09-05T07:08:01.607601+00:00,122,15190286107600,1920,1200
directshow_index_1,19,180842890000000,180842890000000,180842890000000,2026-09-05T07:08:01.613602+00:00,,,640,480
daheng_sn_FDE23080341,22,180842953000000,180842953000000,180842953000000,2026-09-05T07:08:01.697797+00:00,133,15190370640400,1920,1200
directshow_index_1,20,180842984000000,180842984000000,180842984000000,2026-09-05T07:08:01.705244+00:00,,,640,480
daheng_sn_FDE23080341,23,180843046000000,180843046000000,180843046000000,2026-09-05T07:08:01.789827+00:00,146,15190470542800,1920,1200
directshow_index_1,21,180843078000000,180843078000000,180843078000000,2026-09-05T07:08:01.800832+00:00,,,640,480
daheng_sn_FDE23080341,24,180843140000000,180843140000000,180843140000000,2026-09-05T07:08:01.892113+00:00,157,15190555075600,1920,1200
directshow_index_1,22,180843171000000,180843171000000,180843171000000,2026-09-05T07:08:01.893112+00:00,,,640,480
daheng_sn_FDE23080341,25,180843234000000,180843234000000,180843234000000,2026-09-05T07:08:01.977292+00:00,170,15190654978000,1920,1200
directshow_index_1,23,180843265000000,180843265000000,180843265000000,2026-09-05T07:08:01.987291+00:00,,,640,480
daheng_sn_FDE23080341,26,180843328000000,180843328000000,180843328000000,2026-09-05T07:08:02.070171+00:00,182,15190747195600,1920,1200
directshow_index_1,24,180843359000000,180843359000000,180843359000000,2026-09-05T07:08:02.079697+00:00,,,640,480
daheng_sn_FDE23080341,27,180843421000000,180843421000000,180843421000000,2026-09-05T07:08:02.170548+00:00,194,15190839413200,1920,1200
directshow_index_1,25,180843453000000,180843453000000,180843453000000,2026-09-05T07:08:02.178096+00:00,,,640,480
daheng_sn_FDE23080341,28,180843515000000,180843515000000,180843515000000,2026-09-05T07:08:02.261917+00:00,206,15190931630800,1920,1200
directshow_index_1,26,180843546000000,180843546000000,180843546000000,2026-09-05T07:08:02.267918+00:00,,,640,480
daheng_sn_FDE23080341,29,180843609000000,180843609000000,180843609000000,2026-09-05T07:08:02.355215+00:00,219,15191031533200,1920,1200
directshow_index_1,27,180843640000000,180843640000000,180843640000000,2026-09-05T07:08:02.361451+00:00,,,640,480
daheng_sn_FDE23080341,30,180843703000000,180843703000000,180843703000000,2026-09-05T07:08:02.444489+00:00,231,15191123750800,1920,1200
directshow_index_1,28,180843734000000,180843734000000,180843734000000,2026-09-05T07:08:02.458529+00:00,,,640,480
daheng_sn_FDE23080341,31,180843796000000,180843796000000,180843796000000,2026-09-05T07:08:02.541307+00:00,243,15191215968400,1920,1200
directshow_index_1,29,180843828000000,180843828000000,180843828000000,2026-09-05T07:08:02.548316+00:00,,,640,480
daheng_sn_FDE23080341,32,180843890000000,180843890000000,180843890000000,2026-09-05T07:08:02.630246+00:00,255,15191308186000,1920,1200
directshow_index_1,30,180843921000000,180843921000000,180843921000000,2026-09-05T07:08:02.645250+00:00,,,640,480
daheng_sn_FDE23080341,33,180843984000000,180843984000000,180843984000000,2026-09-05T07:08:02.727251+00:00,268,15191408088400,1920,1200
directshow_index_1,31,180844015000000,180844015000000,180844015000000,2026-09-05T07:08:02.736529+00:00,,,640,480
daheng_sn_FDE23080341,34,180844078000000,180844078000000,180844078000000,2026-09-05T07:08:02.816432+00:00,280,15191500306000,1920,1200
directshow_index_1,32,180844109000000,180844109000000,180844109000000,2026-09-05T07:08:02.832750+00:00,,,640,480
daheng_sn_FDE23080341,35,180844171000000,180844171000000,180844171000000,2026-09-05T07:08:02.911961+00:00,292,15191592523600,1920,1200
directshow_index_1,33,180844203000000,180844203000000,180844203000000,2026-09-05T07:08:02.922291+00:00,,,640,480
daheng_sn_FDE23080341,36,180844265000000,180844265000000,180844265000000,2026-09-05T07:08:03.007225+00:00,304,15191684741200,1920,1200
directshow_index_1,34,180844296000000,180844296000000,180844296000000,2026-09-05T07:08:03.017734+00:00,,,640,480
daheng_sn_FDE23080341,37,180844359000000,180844359000000,180844359000000,2026-09-05T07:08:03.103925+00:00,316,15191776958800,1920,1200
directshow_index_1,35,180844390000000,180844390000000,180844390000000,2026-09-05T07:08:03.111924+00:00,,,640,480
daheng_sn_FDE23080341,38,180844453000000,180844453000000,180844453000000,2026-09-05T07:08:03.193057+00:00,329,15191876861200,1920,1200
directshow_index_1,36,180844484000000,180844484000000,180844484000000,2026-09-05T07:08:03.203057+00:00,,,640,480
daheng_sn_FDE23080341,39,180844546000000,180844546000000,180844546000000,2026-09-05T07:08:03.289199+00:00,341,15191969078800,1920,1200
directshow_index_1,37,180844578000000,180844578000000,180844578000000,2026-09-05T07:08:03.300887+00:00,,,640,480
daheng_sn_FDE23080341,40,180844640000000,180844640000000,180844640000000,2026-09-05T07:08:03.384357+00:00,353,15192061296400,1920,1200
directshow_index_1,38,180844671000000,180844671000000,180844671000000,2026-09-05T07:08:03.392356+00:00,,,640,480
daheng_sn_FDE23080341,41,180844734000000,180844734000000,180844734000000,2026-09-05T07:08:03.479066+00:00,365,15192153514000,1920,1200
directshow_index_1,39,180844765000000,180844765000000,180844765000000,2026-09-05T07:08:03.486171+00:00,,,640,480
daheng_sn_FDE23080341,42,180844828000000,180844828000000,180844828000000,2026-09-05T07:08:03.569292+00:00,377,15192245731600,1920,1200
directshow_index_1,40,180844859000000,180844859000000,180844859000000,2026-09-05T07:08:03.583057+00:00,,,640,480
daheng_sn_FDE23080341,43,180844921000000,180844921000000,180844921000000,2026-09-05T07:08:03.665424+00:00,389,15192337949200,1920,1200
directshow_index_1,41,180844953000000,180844953000000,180844953000000,2026-09-05T07:08:03.675162+00:00,,,640,480
daheng_sn_FDE23080341,44,180845015000000,180845015000000,180845015000000,2026-09-05T07:08:03.757741+00:00,402,15192437851600,1920,1200
directshow_index_1,42,180845046000000,180845046000000,180845046000000,2026-09-05T07:08:03.769746+00:00,,,640,480
daheng_sn_FDE23080341,45,180845109000000,180845109000000,180845109000000,2026-09-05T07:08:03.853375+00:00,413,15192522384400,1920,1200
directshow_index_1,43,180845140000000,180845140000000,180845140000000,2026-09-05T07:08:03.862826+00:00,,,640,480
daheng_sn_FDE23080341,46,180845203000000,180845203000000,180845203000000,2026-09-05T07:08:03.943820+00:00,426,15192622286800,1920,1200
directshow_index_1,44,180845234000000,180845234000000,180845234000000,2026-09-05T07:08:03.956819+00:00,,,640,480
daheng_sn_FDE23080341,47,180845296000000,180845296000000,180845296000000,2026-09-05T07:08:04.040682+00:00,438,15192714504400,1920,1200
directshow_index_1,45,180845328000000,180845328000000,180845328000000,2026-09-05T07:08:04.049430+00:00,,,640,480
daheng_sn_FDE23080341,48,180845390000000,180845390000000,180845390000000,2026-09-05T07:08:04.129122+00:00,451,15192814406800,1920,1200
directshow_index_1,46,180845421000000,180845421000000,180845421000000,2026-09-05T07:08:04.145820+00:00,,,640,480
daheng_sn_FDE23080341,49,180845484000000,180845484000000,180845484000000,2026-09-05T07:08:04.220614+00:00,462,15192898939600,1920,1200
directshow_index_1,47,180845515000000,180845515000000,180845515000000,2026-09-05T07:08:04.240236+00:00,,,640,480
daheng_sn_FDE23080341,50,180845578000000,180845578000000,180845578000000,2026-09-05T07:08:04.319304+00:00,475,15192998842000,1920,1200
directshow_index_1,48,180845609000000,180845609000000,180845609000000,2026-09-05T07:08:04.330071+00:00,,,640,480
daheng_sn_FDE23080341,51,180845671000000,180845671000000,180845671000000,2026-09-05T07:08:04.413593+00:00,487,15193091059600,1920,1200
directshow_index_1,49,180845703000000,180845703000000,180845703000000,2026-09-05T07:08:04.426593+00:00,,,640,480
daheng_sn_FDE23080341,52,180845765000000,180845765000000,180845765000000,2026-09-05T07:08:04.511846+00:00,499,15193183277200,1920,1200
directshow_index_1,50,180845796000000,180845796000000,180845796000000,2026-09-05T07:08:04.518850+00:00,,,640,480
daheng_sn_FDE23080341,53,180845859000000,180845859000000,180845859000000,2026-09-05T07:08:04.613294+00:00,511,15193275494800,1920,1200
directshow_index_1,51,180845890000000,180845890000000,180845890000000,2026-09-05T07:08:04.614293+00:00,,,640,480
daheng_sn_FDE23080341,54,180845953000000,180845953000000,180845953000000,2026-09-05T07:08:04.697740+00:00,524,15193375397200,1920,1200
directshow_index_1,52,180845984000000,180845984000000,180845984000000,2026-09-05T07:08:04.706267+00:00,,,640,480
daheng_sn_FDE23080341,55,180846046000000,180846046000000,180846046000000,2026-09-05T07:08:04.792969+00:00,536,15193467614800,1920,1200
directshow_index_1,53,180846078000000,180846078000000,180846078000000,2026-09-05T07:08:04.801968+00:00,,,640,480
daheng_sn_FDE23080341,56,180846140000000,180846140000000,180846140000000,2026-09-05T07:08:04.886292+00:00,548,15193559832400,1920,1200
directshow_index_1,54,180846171000000,180846171000000,180846171000000,2026-09-05T07:08:04.893293+00:00,,,640,480
daheng_sn_FDE23080341,57,180846234000000,180846234000000,180846234000000,2026-09-05T07:08:04.976329+00:00,560,15193652050000,1920,1200
directshow_index_1,55,180846265000000,180846265000000,180846265000000,2026-09-05T07:08:04.987896+00:00,,,640,480
daheng_sn_FDE23080341,58,180846328000000,180846328000000,180846328000000,2026-09-05T07:08:05.071453+00:00,572,15193744267600,1920,1200
directshow_index_1,56,180846359000000,180846359000000,180846359000000,2026-09-05T07:08:05.084972+00:00,,,640,480
daheng_sn_FDE23080341,59,180846421000000,180846421000000,180846421000000,2026-09-05T07:08:05.161629+00:00,584,15193836485200,1920,1200
directshow_index_1,57,180846453000000,180846453000000,180846453000000,2026-09-05T07:08:05.174989+00:00,,,640,480
daheng_sn_FDE23080341,60,180846515000000,180846515000000,180846515000000,2026-09-05T07:08:05.256163+00:00,596,15193928702800,1920,1200
directshow_index_1,58,180846546000000,180846546000000,180846546000000,2026-09-05T07:08:05.270247+00:00,,,640,480
daheng_sn_FDE23080341,61,180846609000000,180846609000000,180846609000000,2026-09-05T07:08:05.360415+00:00,609,15194028605200,1920,1200
directshow_index_1,59,180846640000000,180846640000000,180846640000000,2026-09-05T07:08:05.363408+00:00,,,640,480
daheng_sn_FDE23080341,62,180846703000000,180846703000000,180846703000000,2026-09-05T07:08:05.448558+00:00,621,15194120822800,1920,1200
directshow_index_1,60,180846734000000,180846734000000,180846734000000,2026-09-05T07:08:05.455559+00:00,,,640,480
daheng_sn_FDE23080341,63,180846796000000,180846796000000,180846796000000,2026-09-05T07:08:05.543811+00:00,633,15194213040400,1920,1200
directshow_index_1,61,180846828000000,180846828000000,180846828000000,2026-09-05T07:08:05.552821+00:00,,,640,480
daheng_sn_FDE23080341,64,180846890000000,180846890000000,180846890000000,2026-09-05T07:08:05.634984+00:00,646,15194312942800,1920,1200
directshow_index_1,62,180846921000000,180846921000000,180846921000000,2026-09-05T07:08:05.642621+00:00,,,640,480
daheng_sn_FDE23080341,65,180846984000000,180846984000000,180846984000000,2026-09-05T07:08:05.723585+00:00,658,15194405160400,1920,1200
directshow_index_1,63,180847015000000,180847015000000,180847015000000,2026-09-05T07:08:05.735585+00:00,,,640,480
daheng_sn_FDE23080341,66,180847078000000,180847078000000,180847078000000,2026-09-05T07:08:05.817783+00:00,670,15194497378000,1920,1200
directshow_index_1,64,180847109000000,180847109000000,180847109000000,2026-09-05T07:08:05.831784+00:00,,,640,480
daheng_sn_FDE23080341,67,180847171000000,180847171000000,180847171000000,2026-09-05T07:08:05.920525+00:00,682,15194589595600,1920,1200
directshow_index_1,65,180847203000000,180847203000000,180847203000000,2026-09-05T07:08:05.924532+00:00,,,640,480
daheng_sn_FDE23080341,68,180847265000000,180847265000000,180847265000000,2026-09-05T07:08:06.007361+00:00,694,15194681813200,1920,1200
directshow_index_1,66,180847296000000,180847296000000,180847296000000,2026-09-05T07:08:06.021367+00:00,,,640,480
daheng_sn_FDE23080341,69,180847359000000,180847359000000,180847359000000,2026-09-05T07:08:06.097751+00:00,707,15194781715600,1920,1200
directshow_index_1,67,180847390000000,180847390000000,180847390000000,2026-09-05T07:08:06.110950+00:00,,,640,480
daheng_sn_FDE23080341,70,180847453000000,180847453000000,180847453000000,2026-09-05T07:08:06.192373+00:00,718,15194866248400,1920,1200
directshow_index_1,68,180847484000000,180847484000000,180847484000000,2026-09-05T07:08:06.206925+00:00,,,640,480
daheng_sn_FDE23080341,71,180847546000000,180847546000000,180847546000000,2026-09-05T07:08:06.288430+00:00,731,15194966150800,1920,1200
directshow_index_1,69,180847578000000,180847578000000,180847578000000,2026-09-05T07:08:06.299099+00:00,,,640,480
daheng_sn_FDE23080341,72,180847640000000,180847640000000,180847640000000,2026-09-05T07:08:06.381924+00:00,743,15195058368400,1920,1200
directshow_index_1,70,180847671000000,180847671000000,180847671000000,2026-09-05T07:08:06.396255+00:00,,,640,480
daheng_sn_FDE23080341,73,180847734000000,180847734000000,180847734000000,2026-09-05T07:08:06.482723+00:00,755,15195150586000,1920,1200
directshow_index_1,71,180847765000000,180847765000000,180847765000000,2026-09-05T07:08:06.487723+00:00,,,640,480
daheng_sn_FDE23080341,74,180847828000000,180847828000000,180847828000000,2026-09-05T07:08:06.585482+00:00,767,15195242803600,1920,1200
directshow_index_1,72,180847859000000,180847859000000,180847859000000,2026-09-05T07:08:06.585482+00:00,,,640,480
daheng_sn_FDE23080341,75,180847921000000,180847921000000,180847921000000,2026-09-05T07:08:06.668951+00:00,780,15195342706000,1920,1200
directshow_index_1,73,180847953000000,180847953000000,180847953000000,2026-09-05T07:08:06.677565+00:00,,,640,480
daheng_sn_FDE23080341,76,180848015000000,180848015000000,180848015000000,2026-09-05T07:08:06.759827+00:00,792,15195434923600,1920,1200
directshow_index_1,74,180848046000000,180848046000000,180848046000000,2026-09-05T07:08:06.769670+00:00,,,640,480
daheng_sn_FDE23080341,77,180848109000000,180848109000000,180848109000000,2026-09-05T07:08:06.847677+00:00,804,15195527141200,1920,1200
directshow_index_1,75,180848140000000,180848140000000,180848140000000,2026-09-05T07:08:06.862936+00:00,,,640,480
daheng_sn_FDE23080341,78,180848203000000,180848203000000,180848203000000,2026-09-05T07:08:06.942096+00:00,816,15195619358800,1920,1200
directshow_index_1,76,180848234000000,180848234000000,180848234000000,2026-09-05T07:08:06.960873+00:00,,,640,480
daheng_sn_FDE23080341,79,180848296000000,180848296000000,180848296000000,2026-09-05T07:08:07.038340+00:00,829,15195719261200,1920,1200
directshow_index_1,77,180848328000000,180848328000000,180848328000000,2026-09-05T07:08:07.050986+00:00,,,640,480
daheng_sn_FDE23080341,80,180848390000000,180848390000000,180848390000000,2026-09-05T07:08:07.131303+00:00,840,15195803794000,1920,1200
directshow_index_1,78,180848421000000,180848421000000,180848421000000,2026-09-05T07:08:07.145805+00:00,,,640,480
daheng_sn_FDE23080341,81,180848484000000,180848484000000,180848484000000,2026-09-05T07:08:07.227779+00:00,853,15195903696400,1920,1200
directshow_index_1,79,180848515000000,180848515000000,180848515000000,2026-09-05T07:08:07.239208+00:00,,,640,480
daheng_sn_FDE23080341,82,180848578000000,180848578000000,180848578000000,2026-09-05T07:08:07.322312+00:00,865,15195995914000,1920,1200
directshow_index_1,80,180848609000000,180848609000000,180848609000000,2026-09-05T07:08:07.329923+00:00,,,640,480
daheng_sn_FDE23080341,83,180848671000000,180848671000000,180848671000000,2026-09-05T07:08:07.409579+00:00,877,15196088131600,1920,1200
directshow_index_1,81,180848703000000,180848703000000,180848703000000,2026-09-05T07:08:07.425616+00:00,,,640,480
daheng_sn_FDE23080341,84,180848765000000,180848765000000,180848765000000,2026-09-05T07:08:07.507304+00:00,890,15196188034000,1920,1200
directshow_index_1,82,180848796000000,180848796000000,180848796000000,2026-09-05T07:08:07.523890+00:00,,,640,480
daheng_sn_FDE23080341,85,180848859000000,180848859000000,180848859000000,2026-09-05T07:08:07.603023+00:00,902,15196280251600,1920,1200
directshow_index_1,83,180848890000000,180848890000000,180848890000000,2026-09-05T07:08:07.614506+00:00,,,640,480
daheng_sn_FDE23080341,86,180848953000000,180848953000000,180848953000000,2026-09-05T07:08:07.692914+00:00,914,15196372469200,1920,1200
directshow_index_1,84,180848984000000,180848984000000,180848984000000,2026-09-05T07:08:07.704920+00:00,,,640,480
daheng_sn_FDE23080341,87,180849046000000,180849046000000,180849046000000,2026-09-05T07:08:07.787925+00:00,926,15196464686800,1920,1200
directshow_index_1,85,180849078000000,180849078000000,180849078000000,2026-09-05T07:08:07.801932+00:00,,,640,480
daheng_sn_FDE23080341,88,180849140000000,180849140000000,180849140000000,2026-09-05T07:08:07.882634+00:00,938,15196556904400,1920,1200
directshow_index_1,86,180849171000000,180849171000000,180849171000000,2026-09-05T07:08:07.893630+00:00,,,640,480
daheng_sn_FDE23080341,89,180849234000000,180849234000000,180849234000000,2026-09-05T07:08:07.979161+00:00,950,15196649122000,1920,1200
directshow_index_1,87,180849265000000,180849265000000,180849265000000,2026-09-05T07:08:07.985381+00:00,,,640,480
daheng_sn_FDE23080341,90,180849328000000,180849328000000,180849328000000,2026-09-05T07:08:08.066253+00:00,963,15196749024400,1920,1200
directshow_index_1,88,180849359000000,180849359000000,180849359000000,2026-09-05T07:08:08.081154+00:00,,,640,480
daheng_sn_FDE23080341,91,180849421000000,180849421000000,180849421000000,2026-09-05T07:08:08.162279+00:00,975,15196841242000,1920,1200
directshow_index_1,89,180849453000000,180849453000000,180849453000000,2026-09-05T07:08:08.177897+00:00,,,640,480
daheng_sn_FDE23080341,92,180849515000000,180849515000000,180849515000000,2026-09-05T07:08:08.254052+00:00,987,15196933459600,1920,1200
directshow_index_1,90,180849546000000,180849546000000,180849546000000,2026-09-05T07:08:08.266238+00:00,,,640,480
daheng_sn_FDE23080341,93,180849609000000,180849609000000,180849609000000,2026-09-05T07:08:08.349574+00:00,1000,15197033362000,1920,1200
directshow_index_1,91,180849640000000,180849640000000,180849640000000,2026-09-05T07:08:08.361295+00:00,,,640,480
daheng_sn_FDE23080341,94,180849703000000,180849703000000,180849703000000,2026-09-05T07:08:08.445422+00:00,1011,15197117894800,1920,1200
directshow_index_1,92,180849734000000,180849734000000,180849734000000,2026-09-05T07:08:08.457833+00:00,,,640,480
daheng_sn_FDE23080341,95,180849796000000,180849796000000,180849796000000,2026-09-05T07:08:08.543418+00:00,1024,15197217797200,1920,1200
directshow_index_1,93,180849828000000,180849828000000,180849828000000,2026-09-05T07:08:08.548528+00:00,,,640,480
daheng_sn_FDE23080341,96,180849890000000,180849890000000,180849890000000,2026-09-05T07:08:08.633070+00:00,1036,15197310014800,1920,1200
directshow_index_1,94,180849921000000,180849921000000,180849921000000,2026-09-05T07:08:08.646149+00:00,,,640,480
daheng_sn_FDE23080341,97,180849984000000,180849984000000,180849984000000,2026-09-05T07:08:08.727073+00:00,1048,15197402232400,1920,1200
directshow_index_1,95,180850015000000,180850015000000,180850015000000,2026-09-05T07:08:08.736079+00:00,,,640,480
daheng_sn_FDE23080341,98,180850078000000,180850078000000,180850078000000,2026-09-05T07:08:08.823889+00:00,1060,15197494450000,1920,1200
directshow_index_1,96,180850109000000,180850109000000,180850109000000,2026-09-05T07:08:08.832730+00:00,,,640,480
daheng_sn_FDE23080341,99,180850171000000,180850171000000,180850171000000,2026-09-05T07:08:08.922703+00:00,1072,15197586667600,1920,1200
directshow_index_1,97,180850203000000,180850203000000,180850203000000,2026-09-05T07:08:08.923809+00:00,,,640,480
daheng_sn_FDE23080341,100,180850265000000,180850265000000,180850265000000,2026-09-05T07:08:09.008779+00:00,1085,15197686570000,1920,1200
directshow_index_1,98,180850296000000,180850296000000,180850296000000,2026-09-05T07:08:09.020423+00:00,,,640,480
daheng_sn_FDE23080341,101,180850359000000,180850359000000,180850359000000,2026-09-05T07:08:09.098219+00:00,1097,15197778787600,1920,1200
directshow_index_1,99,180850390000000,180850390000000,180850390000000,2026-09-05T07:08:09.110226+00:00,,,640,480
daheng_sn_FDE23080341,102,180850453000000,180850453000000,180850453000000,2026-09-05T07:08:09.197363+00:00,1109,15197871005200,1920,1200
directshow_index_1,100,180850484000000,180850484000000,180850484000000,2026-09-05T07:08:09.206805+00:00,,,640,480
daheng_sn_FDE23080341,103,180850546000000,180850546000000,180850546000000,2026-09-05T07:08:09.293552+00:00,1121,15197963222800,1920,1200
directshow_index_1,101,180850578000000,180850578000000,180850578000000,2026-09-05T07:08:09.299554+00:00,,,640,480
daheng_sn_FDE23080341,104,180850640000000,180850640000000,180850640000000,2026-09-05T07:08:09.385758+00:00,1133,15198055440400,1920,1200
directshow_index_1,102,180850671000000,180850671000000,180850671000000,2026-09-05T07:08:09.396216+00:00,,,640,480
daheng_sn_FDE23080341,105,180850734000000,180850734000000,180850734000000,2026-09-05T07:08:09.475902+00:00,1146,15198155342800,1920,1200
directshow_index_1,103,180850765000000,180850765000000,180850765000000,2026-09-05T07:08:09.485421+00:00,,,640,480
daheng_sn_FDE23080341,106,180850828000000,180850828000000,180850828000000,2026-09-05T07:08:09.574183+00:00,1158,15198247560400,1920,1200
directshow_index_1,104,180850859000000,180850859000000,180850859000000,2026-09-05T07:08:09.581189+00:00,,,640,480
daheng_sn_FDE23080341,107,180850921000000,180850921000000,180850921000000,2026-09-05T07:08:09.669452+00:00,1170,15198339778000,1920,1200
directshow_index_1,105,180850953000000,180850953000000,180850953000000,2026-09-05T07:08:09.676994+00:00,,,640,480
daheng_sn_FDE23080341,108,180851015000000,180851015000000,180851015000000,2026-09-05T07:08:09.769054+00:00,1182,15198431995600,1920,1200
directshow_index_1,106,180851046000000,180851046000000,180851046000000,2026-09-05T07:08:09.770219+00:00,,,640,480
daheng_sn_FDE23080341,109,180851109000000,180851109000000,180851109000000,2026-09-05T07:08:09.859330+00:00,1195,15198531898000,1920,1200
directshow_index_1,107,180851140000000,180851140000000,180851140000000,2026-09-05T07:08:09.863331+00:00,,,640,480
daheng_sn_FDE23080341,110,180851203000000,180851203000000,180851203000000,2026-09-05T07:08:09.942048+00:00,1207,15198624115600,1920,1200
directshow_index_1,108,180851234000000,180851234000000,180851234000000,2026-09-05T07:08:09.957179+00:00,,,640,480
daheng_sn_FDE23080341,111,180851296000000,180851296000000,180851296000000,2026-09-05T07:08:10.036752+00:00,1219,15198716333200,1920,1200
directshow_index_1,109,180851328000000,180851328000000,180851328000000,2026-09-05T07:08:10.050739+00:00,,,640,480
daheng_sn_FDE23080341,112,180851390000000,180851390000000,180851390000000,2026-09-05T07:08:10.135479+00:00,1231,15198808550800,1920,1200
directshow_index_1,110,180851421000000,180851421000000,180851421000000,2026-09-05T07:08:10.144533+00:00,,,640,480
daheng_sn_FDE23080341,113,180851484000000,180851484000000,180851484000000,2026-09-05T07:08:10.227353+00:00,1243,15198900768400,1920,1200
directshow_index_1,111,180851515000000,180851515000000,180851515000000,2026-09-05T07:08:10.240143+00:00,,,640,480
daheng_sn_FDE23080341,114,180851578000000,180851578000000,180851578000000,2026-09-05T07:08:10.330060+00:00,1256,15199000670800,1920,1200
directshow_index_1,112,180851609000000,180851609000000,180851609000000,2026-09-05T07:08:10.331064+00:00,,,640,480
daheng_sn_FDE23080341,115,180851671000000,180851671000000,180851671000000,2026-09-05T07:08:10.416337+00:00,1268,15199092888400,1920,1200
directshow_index_1,113,180851703000000,180851703000000,180851703000000,2026-09-05T07:08:10.427713+00:00,,,640,480
daheng_sn_FDE23080341,116,180851765000000,180851765000000,180851765000000,2026-09-05T07:08:10.516762+00:00,1280,15199185106000,1920,1200
directshow_index_1,114,180851796000000,180851796000000,180851796000000,2026-09-05T07:08:10.520267+00:00,,,640,480
daheng_sn_FDE23080341,117,180851859000000,180851859000000,180851859000000,2026-09-05T07:08:10.598999+00:00,1292,15199277323600,1920,1200
directshow_index_1,115,180851890000000,180851890000000,180851890000000,2026-09-05T07:08:10.612012+00:00,,,640,480
daheng_sn_FDE23080341,118,180851953000000,180851953000000,180851953000000,2026-09-05T07:08:10.698425+00:00,1304,15199369541200,1920,1200
directshow_index_1,116,180851984000000,180851984000000,180851984000000,2026-09-05T07:08:10.709279+00:00,,,640,480
daheng_sn_FDE23080341,119,180852046000000,180852046000000,180852046000000,2026-09-05T07:08:10.795926+00:00,1317,15199469443600,1920,1200
directshow_index_1,117,180852078000000,180852078000000,180852078000000,2026-09-05T07:08:10.804527+00:00,,,640,480
daheng_sn_FDE23080341,120,180852140000000,180852140000000,180852140000000,2026-09-05T07:08:10.881026+00:00,1329,15199561661200,1920,1200
directshow_index_1,118,180852171000000,180852171000000,180852171000000,2026-09-05T07:08:10.893822+00:00,,,640,480
daheng_sn_FDE23080341,121,180852234000000,180852234000000,180852234000000,2026-09-05T07:08:10.983939+00:00,1341,15199653878800,1920,1200
directshow_index_1,119,180852265000000,180852265000000,180852265000000,2026-09-05T07:08:10.988452+00:00,,,640,480
daheng_sn_FDE23080341,122,180852328000000,180852328000000,180852328000000,2026-09-05T07:08:11.076663+00:00,1353,15199746096400,1920,1200
directshow_index_1,120,180852359000000,180852359000000,180852359000000,2026-09-05T07:08:11.080775+00:00,,,640,480
directshow_index_1,121,180852453000000,180852453000000,180852453000000,2026-09-05T07:08:11.176512+00:00,,,640,480
daheng_sn_FDE23080341,123,180852421000000,180852421000000,180852421000000,2026-09-05T07:08:11.181513+00:00,1365,15199838314000,1920,1200
directshow_index_1,122,180852546000000,180852546000000,180852546000000,2026-09-05T07:08:11.270010+00:00,,,640,480
daheng_sn_FDE23080341,124,180852515000000,180852515000000,180852515000000,2026-09-05T07:08:11.278011+00:00,1377,15199930531600,1920,1200
daheng_sn_FDE23080341,125,180852609000000,180852609000000,180852609000000,2026-09-05T07:08:11.353925+00:00,1390,15200030434000,1920,1200
directshow_index_1,123,180852640000000,180852640000000,180852640000000,2026-09-05T07:08:11.363622+00:00,,,640,480
daheng_sn_FDE23080341,126,180852703000000,180852703000000,180852703000000,2026-09-05T07:08:11.444930+00:00,1402,15200122651600,1920,1200
directshow_index_1,124,180852734000000,180852734000000,180852734000000,2026-09-05T07:08:11.454272+00:00,,,640,480
daheng_sn_FDE23080341,127,180852796000000,180852796000000,180852796000000,2026-09-05T07:08:11.542061+00:00,1414,15200214869200,1920,1200
directshow_index_1,125,180852828000000,180852828000000,180852828000000,2026-09-05T07:08:11.551064+00:00,,,640,480
daheng_sn_FDE23080341,128,180852890000000,180852890000000,180852890000000,2026-09-05T07:08:11.633878+00:00,1426,15200307086800,1920,1200
directshow_index_1,126,180852921000000,180852921000000,180852921000000,2026-09-05T07:08:11.642591+00:00,,,640,480
daheng_sn_FDE23080341,129,180852984000000,180852984000000,180852984000000,2026-09-05T07:08:11.726758+00:00,1439,15200406989200,1920,1200
directshow_index_1,127,180853015000000,180853015000000,180853015000000,2026-09-05T07:08:11.739955+00:00,,,640,480
daheng_sn_FDE23080341,130,180853078000000,180853078000000,180853078000000,2026-09-05T07:08:11.815870+00:00,1451,15200499206800,1920,1200
directshow_index_1,128,180853109000000,180853109000000,180853109000000,2026-09-05T07:08:11.830992+00:00,,,640,480
daheng_sn_FDE23080341,131,180853171000000,180853171000000,180853171000000,2026-09-05T07:08:11.913420+00:00,1463,15200591424400,1920,1200
directshow_index_1,129,180853203000000,180853203000000,180853203000000,2026-09-05T07:08:11.927846+00:00,,,640,480
daheng_sn_FDE23080341,132,180853265000000,180853265000000,180853265000000,2026-09-05T07:08:12.011086+00:00,1476,15200691326800,1920,1200
directshow_index_1,130,180853296000000,180853296000000,180853296000000,2026-09-05T07:08:12.020086+00:00,,,640,480
daheng_sn_FDE23080341,133,180853359000000,180853359000000,180853359000000,2026-09-05T07:08:12.102423+00:00,1487,15200775859600,1920,1200
directshow_index_1,131,180853390000000,180853390000000,180853390000000,2026-09-05T07:08:12.110423+00:00,,,640,480
daheng_sn_FDE23080341,134,180853453000000,180853453000000,180853453000000,2026-09-05T07:08:12.200514+00:00,1500,15200875762000,1920,1200
directshow_index_1,132,180853484000000,180853484000000,180853484000000,2026-09-05T07:08:12.207513+00:00,,,640,480
daheng_sn_FDE23080341,135,180853546000000,180853546000000,180853546000000,2026-09-05T07:08:12.292316+00:00,1512,15200967979600,1920,1200
directshow_index_1,133,180853578000000,180853578000000,180853578000000,2026-09-05T07:08:12.302633+00:00,,,640,480
daheng_sn_FDE23080341,136,180853640000000,180853640000000,180853640000000,2026-09-05T07:08:12.388434+00:00,1524,15201060197200,1920,1200
directshow_index_1,134,180853671000000,180853671000000,180853671000000,2026-09-05T07:08:12.393998+00:00,,,640,480
daheng_sn_FDE23080341,137,180853734000000,180853734000000,180853734000000,2026-09-05T07:08:12.482661+00:00,1536,15201152414800,1920,1200
directshow_index_1,135,180853765000000,180853765000000,180853765000000,2026-09-05T07:08:12.490179+00:00,,,640,480
daheng_sn_FDE23080341,138,180853828000000,180853828000000,180853828000000,2026-09-05T07:08:12.570661+00:00,1549,15201252317200,1920,1200
directshow_index_1,136,180853859000000,180853859000000,180853859000000,2026-09-05T07:08:12.580334+00:00,,,640,480
daheng_sn_FDE23080341,139,180853921000000,180853921000000,180853921000000,2026-09-05T07:08:12.667030+00:00,1560,15201336850000,1920,1200
directshow_index_1,137,180853953000000,180853953000000,180853953000000,2026-09-05T07:08:12.678669+00:00,,,640,480
daheng_sn_FDE23080341,140,180854015000000,180854015000000,180854015000000,2026-09-05T07:08:12.757739+00:00,1573,15201436752400,1920,1200
directshow_index_1,138,180854046000000,180854046000000,180854046000000,2026-09-05T07:08:12.768737+00:00,,,640,480
daheng_sn_FDE23080341,141,180854109000000,180854109000000,180854109000000,2026-09-05T07:08:12.856097+00:00,1585,15201528970000,1920,1200
directshow_index_1,139,180854140000000,180854140000000,180854140000000,2026-09-05T07:08:12.864098+00:00,,,640,480
daheng_sn_FDE23080341,142,180854203000000,180854203000000,180854203000000,2026-09-05T07:08:12.944935+00:00,1597,15201621187600,1920,1200
directshow_index_1,140,180854234000000,180854234000000,180854234000000,2026-09-05T07:08:12.953726+00:00,,,640,480
daheng_sn_FDE23080341,143,180854296000000,180854296000000,180854296000000,2026-09-05T07:08:13.039658+00:00,1609,15201713405200,1920,1200
directshow_index_1,141,180854328000000,180854328000000,180854328000000,2026-09-05T07:08:13.050643+00:00,,,640,480
daheng_sn_FDE23080341,144,180854390000000,180854390000000,180854390000000,2026-09-05T07:08:13.135572+00:00,1621,15201805622800,1920,1200
directshow_index_1,142,180854421000000,180854421000000,180854421000000,2026-09-05T07:08:13.142102+00:00,,,640,480
daheng_sn_FDE23080341,145,180854484000000,180854484000000,180854484000000,2026-09-05T07:08:13.231260+00:00,1634,15201905525200,1920,1200
directshow_index_1,143,180854515000000,180854515000000,180854515000000,2026-09-05T07:08:13.237262+00:00,,,640,480
daheng_sn_FDE23080341,146,180854578000000,180854578000000,180854578000000,2026-09-05T07:08:13.331995+00:00,1646,15201997742800,1920,1200
directshow_index_1,144,180854609000000,180854609000000,180854609000000,2026-09-05T07:08:13.332992+00:00,,,640,480
daheng_sn_FDE23080341,147,180854671000000,180854671000000,180854671000000,2026-09-05T07:08:13.416865+00:00,1658,15202089960400,1920,1200
directshow_index_1,145,180854703000000,180854703000000,180854703000000,2026-09-05T07:08:13.426936+00:00,,,640,480
daheng_sn_FDE23080341,148,180854765000000,180854765000000,180854765000000,2026-09-05T07:08:13.507570+00:00,1670,15202182178000,1920,1200
directshow_index_1,146,180854796000000,180854796000000,180854796000000,2026-09-05T07:08:13.517079+00:00,,,640,480
daheng_sn_FDE23080341,149,180854859000000,180854859000000,180854859000000,2026-09-05T07:08:13.603817+00:00,1682,15202274395600,1920,1200
directshow_index_1,147,180854890000000,180854890000000,180854890000000,2026-09-05T07:08:13.611645+00:00,,,640,480
daheng_sn_FDE23080341,150,180854953000000,180854953000000,180854953000000,2026-09-05T07:08:13.696105+00:00,1694,15202366613200,1920,1200
directshow_index_1,148,180854984000000,180854984000000,180854984000000,2026-09-05T07:08:13.708545+00:00,,,640,480
daheng_sn_FDE23080341,151,180855046000000,180855046000000,180855046000000,2026-09-05T07:08:13.787745+00:00,1707,15202466515600,1920,1200
directshow_index_1,149,180855078000000,180855078000000,180855078000000,2026-09-05T07:08:13.798094+00:00,,,640,480
daheng_sn_FDE23080341,152,180855140000000,180855140000000,180855140000000,2026-09-05T07:08:13.887237+00:00,1719,15202558733200,1920,1200
directshow_index_1,150,180855171000000,180855171000000,180855171000000,2026-09-05T07:08:13.896011+00:00,,,640,480
daheng_sn_FDE23080341,153,180855234000000,180855234000000,180855234000000,2026-09-05T07:08:13.976450+00:00,1731,15202650950800,1920,1200
directshow_index_1,151,180855265000000,180855265000000,180855265000000,2026-09-05T07:08:13.990074+00:00,,,640,480
daheng_sn_FDE23080341,154,180855328000000,180855328000000,180855328000000,2026-09-05T07:08:14.073833+00:00,1744,15202750853200,1920,1200
directshow_index_1,152,180855359000000,180855359000000,180855359000000,2026-09-05T07:08:14.081845+00:00,,,640,480
daheng_sn_FDE23080341,155,180855421000000,180855421000000,180855421000000,2026-09-05T07:08:14.169876+00:00,1756,15202843070800,1920,1200
directshow_index_1,153,180855453000000,180855453000000,180855453000000,2026-09-05T07:08:14.172878+00:00,,,640,480
daheng_sn_FDE23080341,156,180855515000000,180855515000000,180855515000000,2026-09-05T07:08:14.259323+00:00,1768,15202935288400,1920,1200
directshow_index_1,154,180855546000000,180855546000000,180855546000000,2026-09-05T07:08:14.270323+00:00,,,640,480
daheng_sn_FDE23080341,157,180855609000000,180855609000000,180855609000000,2026-09-05T07:08:14.352755+00:00,1780,15203027506000,1920,1200
directshow_index_1,155,180855640000000,180855640000000,180855640000000,2026-09-05T07:08:14.362759+00:00,,,640,480
daheng_sn_FDE23080341,158,180855703000000,180855703000000,180855703000000,2026-09-05T07:08:14.443282+00:00,1792,15203119723600,1920,1200
directshow_index_1,156,180855734000000,180855734000000,180855734000000,2026-09-05T07:08:14.454284+00:00,,,640,480
daheng_sn_FDE23080341,159,180855796000000,180855796000000,180855796000000,2026-09-05T07:08:14.538135+00:00,1804,15203211941200,1920,1200
directshow_index_1,157,180855828000000,180855828000000,180855828000000,2026-09-05T07:08:14.553129+00:00,,,640,480
daheng_sn_FDE23080341,160,180855890000000,180855890000000,180855890000000,2026-09-05T07:08:14.631078+00:00,1817,15203311843600,1920,1200
directshow_index_1,158,180855921000000,180855921000000,180855921000000,2026-09-05T07:08:14.644110+00:00,,,640,480
daheng_sn_FDE23080341,161,180855984000000,180855984000000,180855984000000,2026-09-05T07:08:14.725498+00:00,1829,15203404061200,1920,1200
directshow_index_1,159,180856015000000,180856015000000,180856015000000,2026-09-05T07:08:14.737499+00:00,,,640,480
daheng_sn_FDE23080341,162,180856078000000,180856078000000,180856078000000,2026-09-05T07:08:14.823605+00:00,1841,15203496278800,1920,1200
directshow_index_1,160,180856109000000,180856109000000,180856109000000,2026-09-05T07:08:14.829607+00:00,,,640,480
daheng_sn_FDE23080341,163,180856171000000,180856171000000,180856171000000,2026-09-05T07:08:14.914152+00:00,1853,15203588496400,1920,1200
directshow_index_1,161,180856203000000,180856203000000,180856203000000,2026-09-05T07:08:14.927017+00:00,,,640,480
daheng_sn_FDE23080341,164,180856265000000,180856265000000,180856265000000,2026-09-05T07:08:15.008891+00:00,1865,15203680714000,1920,1200
directshow_index_1,162,180856296000000,180856296000000,180856296000000,2026-09-05T07:08:15.017896+00:00,,,640,480
daheng_sn_FDE23080341,165,180856359000000,180856359000000,180856359000000,2026-09-05T07:08:15.103630+00:00,1878,15203780616400,1920,1200
directshow_index_1,163,180856390000000,180856390000000,180856390000000,2026-09-05T07:08:15.112194+00:00,,,640,480
daheng_sn_FDE23080341,166,180856453000000,180856453000000,180856453000000,2026-09-05T07:08:15.194754+00:00,1890,15203872834000,1920,1200
directshow_index_1,164,180856484000000,180856484000000,180856484000000,2026-09-05T07:08:15.203755+00:00,,,640,480
daheng_sn_FDE23080341,167,180856546000000,180856546000000,180856546000000,2026-09-05T07:08:15.288968+00:00,1902,15203965051600,1920,1200
directshow_index_1,165,180856578000000,180856578000000,180856578000000,2026-09-05T07:08:15.299378+00:00,,,640,480
daheng_sn_FDE23080341,168,180856640000000,180856640000000,180856640000000,2026-09-05T07:08:15.382097+00:00,1915,15204064954000,1920,1200
directshow_index_1,166,180856671000000,180856671000000,180856671000000,2026-09-05T07:08:15.391132+00:00,,,640,480
daheng_sn_FDE23080341,169,180856734000000,180856734000000,180856734000000,2026-09-05T07:08:15.473091+00:00,1926,15204149486800,1920,1200
directshow_index_1,167,180856765000000,180856765000000,180856765000000,2026-09-05T07:08:15.485061+00:00,,,640,480
daheng_sn_FDE23080341,170,180856828000000,180856828000000,180856828000000,2026-09-05T07:08:15.579797+00:00,1939,15204249389200,1920,1200
directshow_index_1,168,180856859000000,180856859000000,180856859000000,2026-09-05T07:08:15.582797+00:00,,,640,480
daheng_sn_FDE23080341,171,180856921000000,180856921000000,180856921000000,2026-09-05T07:08:15.673497+00:00,1951,15204341606800,1920,1200
directshow_index_1,169,180856953000000,180856953000000,180856953000000,2026-09-05T07:08:15.676752+00:00,,,640,480
daheng_sn_FDE23080341,172,180857015000000,180857015000000,180857015000000,2026-09-05T07:08:15.762883+00:00,1963,15204433824400,1920,1200
directshow_index_1,170,180857046000000,180857046000000,180857046000000,2026-09-05T07:08:15.767883+00:00,,,640,480
daheng_sn_FDE23080341,173,180857109000000,180857109000000,180857109000000,2026-09-05T07:08:15.851612+00:00,1975,15204526042000,1920,1200
directshow_index_1,171,180857140000000,180857140000000,180857140000000,2026-09-05T07:08:15.860615+00:00,,,640,480
daheng_sn_FDE23080341,174,180857203000000,180857203000000,180857203000000,2026-09-05T07:08:15.940510+00:00,1987,15204618259600,1920,1200
directshow_index_1,172,180857234000000,180857234000000,180857234000000,2026-09-05T07:08:15.953656+00:00,,,640,480
daheng_sn_FDE23080341,175,180857296000000,180857296000000,180857296000000,2026-09-05T07:08:16.035090+00:00,2000,15204718162000,1920,1200
directshow_index_1,173,180857328000000,180857328000000,180857328000000,2026-09-05T07:08:16.049456+00:00,,,640,480
daheng_sn_FDE23080341,176,180857390000000,180857390000000,180857390000000,2026-09-05T07:08:16.131297+00:00,2012,15204810379600,1920,1200
directshow_index_1,174,180857421000000,180857421000000,180857421000000,2026-09-05T07:08:16.146303+00:00,,,640,480
daheng_sn_FDE23080341,177,180857484000000,180857484000000,180857484000000,2026-09-05T07:08:16.223945+00:00,2024,15204902597200,1920,1200
directshow_index_1,175,180857515000000,180857515000000,180857515000000,2026-09-05T07:08:16.236156+00:00,,,640,480
daheng_sn_FDE23080341,178,180857578000000,180857578000000,180857578000000,2026-09-05T07:08:16.318024+00:00,2036,15204994814800,1920,1200
directshow_index_1,176,180857609000000,180857609000000,180857609000000,2026-09-05T07:08:16.332028+00:00,,,640,480
daheng_sn_FDE23080341,179,180857671000000,180857671000000,180857671000000,2026-09-05T07:08:16.414234+00:00,2049,15205094717200,1920,1200
directshow_index_1,177,180857703000000,180857703000000,180857703000000,2026-09-05T07:08:16.422761+00:00,,,640,480
daheng_sn_FDE23080341,180,180857765000000,180857765000000,180857765000000,2026-09-05T07:08:16.505110+00:00,2060,15205179250000,1920,1200
directshow_index_1,178,180857796000000,180857796000000,180857796000000,2026-09-05T07:08:16.520284+00:00,,,640,480
daheng_sn_FDE23080341,181,180857859000000,180857859000000,180857859000000,2026-09-05T07:08:16.601597+00:00,2073,15205279152400,1920,1200
directshow_index_1,179,180857890000000,180857890000000,180857890000000,2026-09-05T07:08:16.613603+00:00,,,640,480
daheng_sn_FDE23080341,182,180857953000000,180857953000000,180857953000000,2026-09-05T07:08:16.696274+00:00,2085,15205371370000,1920,1200
directshow_index_1,180,180857984000000,180857984000000,180857984000000,2026-09-05T07:08:16.707275+00:00,,,640,480
daheng_sn_FDE23080341,183,180858046000000,180858046000000,180858046000000,2026-09-05T07:08:16.784503+00:00,2097,15205463587600,1920,1200
directshow_index_1,181,180858078000000,180858078000000,180858078000000,2026-09-05T07:08:16.797542+00:00,,,640,480
daheng_sn_FDE23080341,184,180858140000000,180858140000000,180858140000000,2026-09-05T07:08:16.886288+00:00,2110,15205563490000,1920,1200
directshow_index_1,182,180858171000000,180858171000000,180858171000000,2026-09-05T07:08:16.893796+00:00,,,640,480
daheng_sn_FDE23080341,185,180858234000000,180858234000000,180858234000000,2026-09-05T07:08:16.975734+00:00,2121,15205648022800,1920,1200
directshow_index_1,183,180858265000000,180858265000000,180858265000000,2026-09-05T07:08:16.988152+00:00,,,640,480
daheng_sn_FDE23080341,186,180858328000000,180858328000000,180858328000000,2026-09-05T07:08:17.073512+00:00,2134,15205747925200,1920,1200
directshow_index_1,184,180858359000000,180858359000000,180858359000000,2026-09-05T07:08:17.079512+00:00,,,640,480
daheng_sn_FDE23080341,187,180858421000000,180858421000000,180858421000000,2026-09-05T07:08:17.161190+00:00,2146,15205840142800,1920,1200
directshow_index_1,185,180858453000000,180858453000000,180858453000000,2026-09-05T07:08:17.176440+00:00,,,640,480
daheng_sn_FDE23080341,188,180858515000000,180858515000000,180858515000000,2026-09-05T07:08:17.255314+00:00,2158,15205932360400,1920,1200
directshow_index_1,186,180858546000000,180858546000000,180858546000000,2026-09-05T07:08:17.272313+00:00,,,640,480
daheng_sn_FDE23080341,189,180858609000000,180858609000000,180858609000000,2026-09-05T07:08:17.355039+00:00,2171,15206032262800,1920,1200
directshow_index_1,187,180858640000000,180858640000000,180858640000000,2026-09-05T07:08:17.361175+00:00,,,640,480
daheng_sn_FDE23080341,190,180858703000000,180858703000000,180858703000000,2026-09-05T07:08:17.443803+00:00,2183,15206124480400,1920,1200
directshow_index_1,188,180858734000000,180858734000000,180858734000000,2026-09-05T07:08:17.453803+00:00,,,640,480
daheng_sn_FDE23080341,191,180858796000000,180858796000000,180858796000000,2026-09-05T07:08:17.542062+00:00,2195,15206216698000,1920,1200
directshow_index_1,189,180858828000000,180858828000000,180858828000000,2026-09-05T07:08:17.550129+00:00,,,640,480
daheng_sn_FDE23080341,192,180858890000000,180858890000000,180858890000000,2026-09-05T07:08:17.631764+00:00,2207,15206308915600,1920,1200
directshow_index_1,190,180858921000000,180858921000000,180858921000000,2026-09-05T07:08:17.642251+00:00,,,640,480
daheng_sn_FDE23080341,193,180858984000000,180858984000000,180858984000000,2026-09-05T07:08:17.726044+00:00,2220,15206408818000,1920,1200
directshow_index_1,191,180859015000000,180859015000000,180859015000000,2026-09-05T07:08:17.736699+00:00,,,640,480
daheng_sn_FDE23080341,194,180859078000000,180859078000000,180859078000000,2026-09-05T07:08:17.821310+00:00,2231,15206493350800,1920,1200
directshow_index_1,192,180859109000000,180859109000000,180859109000000,2026-09-05T07:08:17.829182+00:00,,,640,480
daheng_sn_FDE23080341,195,180859171000000,180859171000000,180859171000000,2026-09-05T07:08:17.914575+00:00,2244,15206593253200,1920,1200
directshow_index_1,193,180859203000000,180859203000000,180859203000000,2026-09-05T07:08:17.925237+00:00,,,640,480
daheng_sn_FDE23080341,196,180859265000000,180859265000000,180859265000000,2026-09-05T07:08:18.028310+00:00,2256,15206685470800,1920,1200
directshow_index_1,194,180859296000000,180859296000000,180859296000000,2026-09-05T07:08:18.030311+00:00,,,640,480
daheng_sn_FDE23080341,197,180859359000000,180859359000000,180859359000000,2026-09-05T07:08:18.104056+00:00,2268,15206777688400,1920,1200
directshow_index_1,195,180859390000000,180859390000000,180859390000000,2026-09-05T07:08:18.111582+00:00,,,640,480
daheng_sn_FDE23080341,198,180859453000000,180859453000000,180859453000000,2026-09-05T07:08:18.193684+00:00,2280,15206869906000,1920,1200
directshow_index_1,196,180859484000000,180859484000000,180859484000000,2026-09-05T07:08:18.206203+00:00,,,640,480
daheng_sn_FDE23080341,199,180859546000000,180859546000000,180859546000000,2026-09-05T07:08:18.291519+00:00,2292,15206962123600,1920,1200
directshow_index_1,197,180859578000000,180859578000000,180859578000000,2026-09-05T07:08:18.302034+00:00,,,640,480
daheng_sn_FDE23080341,200,180859640000000,180859640000000,180859640000000,2026-09-05T07:08:18.384015+00:00,2305,15207062026000,1920,1200
directshow_index_1,198,180859671000000,180859671000000,180859671000000,2026-09-05T07:08:18.395526+00:00,,,640,480
daheng_sn_FDE23080341,201,180859734000000,180859734000000,180859734000000,2026-09-05T07:08:18.470450+00:00,2317,15207154243600,1920,1200
directshow_index_1,199,180859765000000,180859765000000,180859765000000,2026-09-05T07:08:18.485944+00:00,,,640,480
daheng_sn_FDE23080341,202,180859828000000,180859828000000,180859828000000,2026-09-05T07:08:18.569945+00:00,2329,15207246461200,1920,1200
directshow_index_1,200,180859859000000,180859859000000,180859859000000,2026-09-05T07:08:18.583238+00:00,,,640,480
daheng_sn_FDE23080341,203,180859921000000,180859921000000,180859921000000,2026-09-05T07:08:18.663056+00:00,2341,15207338678800,1920,1200
directshow_index_1,201,180859953000000,180859953000000,180859953000000,2026-09-05T07:08:18.673058+00:00,,,640,480
daheng_sn_FDE23080341,204,180860015000000,180860015000000,180860015000000,2026-09-05T07:08:18.756196+00:00,2354,15207438581200,1920,1200
directshow_index_1,202,180860046000000,180860046000000,180860046000000,2026-09-05T07:08:18.772193+00:00,,,640,480
daheng_sn_FDE23080341,205,180860109000000,180860109000000,180860109000000,2026-09-05T07:08:18.852141+00:00,2366,15207530798800,1920,1200
directshow_index_1,203,180860140000000,180860140000000,180860140000000,2026-09-05T07:08:18.862816+00:00,,,640,480
daheng_sn_FDE23080341,206,180860203000000,180860203000000,180860203000000,2026-09-05T07:08:18.943021+00:00,2378,15207623016400,1920,1200
directshow_index_1,204,180860234000000,180860234000000,180860234000000,2026-09-05T07:08:18.956376+00:00,,,640,480
daheng_sn_FDE23080341,207,180860296000000,180860296000000,180860296000000,2026-09-05T07:08:19.039536+00:00,2390,15207715234000,1920,1200
directshow_index_1,205,180860328000000,180860328000000,180860328000000,2026-09-05T07:08:19.051865+00:00,,,640,480
daheng_sn_FDE23080341,208,180860390000000,180860390000000,180860390000000,2026-09-05T07:08:19.124764+00:00,2403,15207815136400,1920,1200
directshow_index_1,206,180860421000000,180860421000000,180860421000000,2026-09-05T07:08:19.143048+00:00,,,640,480
daheng_sn_FDE23080341,209,180860484000000,180860484000000,180860484000000,2026-09-05T07:08:19.228926+00:00,2414,15207899669200,1920,1200
directshow_index_1,207,180860515000000,180860515000000,180860515000000,2026-09-05T07:08:19.238596+00:00,,,640,480
daheng_sn_FDE23080341,210,180860578000000,180860578000000,180860578000000,2026-09-05T07:08:19.323855+00:00,2427,15207999571600,1920,1200
directshow_index_1,208,180860609000000,180860609000000,180860609000000,2026-09-05T07:08:19.328703+00:00,,,640,480
daheng_sn_FDE23080341,211,180860671000000,180860671000000,180860671000000,2026-09-05T07:08:19.419514+00:00,2439,15208091789200,1920,1200
directshow_index_1,209,180860703000000,180860703000000,180860703000000,2026-09-05T07:08:19.425308+00:00,,,640,480
daheng_sn_FDE23080341,212,180860765000000,180860765000000,180860765000000,2026-09-05T07:08:19.508849+00:00,2451,15208184006800,1920,1200
directshow_index_1,210,180860796000000,180860796000000,180860796000000,2026-09-05T07:08:19.516848+00:00,,,640,480
daheng_sn_FDE23080341,213,180860859000000,180860859000000,180860859000000,2026-09-05T07:08:19.600803+00:00,2464,15208283909200,1920,1200
directshow_index_1,211,180860890000000,180860890000000,180860890000000,2026-09-05T07:08:19.610805+00:00,,,640,480
daheng_sn_FDE23080341,214,180860953000000,180860953000000,180860953000000,2026-09-05T07:08:19.696930+00:00,2476,15208376126800,1920,1200
directshow_index_1,212,180860984000000,180860984000000,180860984000000,2026-09-05T07:08:19.708941+00:00,,,640,480
daheng_sn_FDE23080341,215,180861046000000,180861046000000,180861046000000,2026-09-05T07:08:19.783693+00:00,2488,15208468344400,1920,1200
directshow_index_1,213,180861078000000,180861078000000,180861078000000,2026-09-05T07:08:19.798472+00:00,,,640,480
daheng_sn_FDE23080341,216,180861140000000,180861140000000,180861140000000,2026-09-05T07:08:19.879569+00:00,2500,15208560562000,1920,1200
directshow_index_1,214,180861171000000,180861171000000,180861171000000,2026-09-05T07:08:19.894740+00:00,,,640,480
daheng_sn_FDE23080341,217,180861234000000,180861234000000,180861234000000,2026-09-05T07:08:19.975434+00:00,2512,15208652779600,1920,1200
directshow_index_1,215,180861265000000,180861265000000,180861265000000,2026-09-05T07:08:19.988437+00:00,,,640,480
daheng_sn_FDE23080341,218,180861328000000,180861328000000,180861328000000,2026-09-05T07:08:20.067239+00:00,2525,15208752682000,1920,1200
directshow_index_1,216,180861359000000,180861359000000,180861359000000,2026-09-05T07:08:20.079238+00:00,,,640,480
daheng_sn_FDE23080341,219,180861421000000,180861421000000,180861421000000,2026-09-05T07:08:20.160335+00:00,2536,15208837214800,1920,1200
directshow_index_1,217,180861453000000,180861453000000,180861453000000,2026-09-05T07:08:20.176424+00:00,,,640,480
daheng_sn_FDE23080341,220,180861515000000,180861515000000,180861515000000,2026-09-05T07:08:20.258440+00:00,2549,15208937117200,1920,1200
directshow_index_1,218,180861546000000,180861546000000,180861546000000,2026-09-05T07:08:20.266443+00:00,,,640,480
daheng_sn_FDE23080341,221,180861609000000,180861609000000,180861609000000,2026-09-05T07:08:20.353345+00:00,2561,15209029334800,1920,1200
directshow_index_1,219,180861640000000,180861640000000,180861640000000,2026-09-05T07:08:20.361343+00:00,,,640,480
daheng_sn_FDE23080341,222,180861703000000,180861703000000,180861703000000,2026-09-05T07:08:20.442671+00:00,2573,15209121552400,1920,1200
directshow_index_1,220,180861734000000,180861734000000,180861734000000,2026-09-05T07:08:20.458112+00:00,,,640,480
daheng_sn_FDE23080341,223,180861796000000,180861796000000,180861796000000,2026-09-05T07:08:20.535408+00:00,2585,15209213770000,1920,1200
directshow_index_1,221,180861828000000,180861828000000,180861828000000,2026-09-05T07:08:20.549406+00:00,,,640,480
daheng_sn_FDE23080341,224,180861890000000,180861890000000,180861890000000,2026-09-05T07:08:20.631677+00:00,2598,15209313672400,1920,1200
directshow_index_1,222,180861921000000,180861921000000,180861921000000,2026-09-05T07:08:20.645997+00:00,,,640,480
daheng_sn_FDE23080341,225,180861984000000,180861984000000,180861984000000,2026-09-05T07:08:20.726919+00:00,2610,15209405890000,1920,1200
directshow_index_1,223,180862015000000,180862015000000,180862015000000,2026-09-05T07:08:20.735924+00:00,,,640,480
daheng_sn_FDE23080341,226,180862078000000,180862078000000,180862078000000,2026-09-05T07:08:20.819467+00:00,2622,15209498107600,1920,1200
directshow_index_1,224,180862109000000,180862109000000,180862109000000,2026-09-05T07:08:20.832913+00:00,,,640,480
daheng_sn_FDE23080341,227,180862171000000,180862171000000,180862171000000,2026-09-05T07:08:20.910190+00:00,2634,15209590325200,1920,1200
directshow_index_1,225,180862203000000,180862203000000,180862203000000,2026-09-05T07:08:20.923372+00:00,,,640,480
daheng_sn_FDE23080341,228,180862265000000,180862265000000,180862265000000,2026-09-05T07:08:21.004795+00:00,2646,15209682542800,1920,1200
directshow_index_1,226,180862296000000,180862296000000,180862296000000,2026-09-05T07:08:21.020241+00:00,,,640,480
daheng_sn_FDE23080341,229,180862359000000,180862359000000,180862359000000,2026-09-05T07:08:21.099223+00:00,2658,15209774760400,1920,1200
directshow_index_1,227,180862390000000,180862390000000,180862390000000,2026-09-05T07:08:21.109986+00:00,,,640,480
daheng_sn_FDE23080341,230,180862453000000,180862453000000,180862453000000,2026-09-05T07:08:21.194161+00:00,2671,15209874662800,1920,1200
directshow_index_1,228,180862484000000,180862484000000,180862484000000,2026-09-05T07:08:21.205678+00:00,,,640,480
daheng_sn_FDE23080341,231,180862546000000,180862546000000,180862546000000,2026-09-05T07:08:21.286173+00:00,2683,15209966880400,1920,1200
directshow_index_1,229,180862578000000,180862578000000,180862578000000,2026-09-05T07:08:21.301325+00:00,,,640,480
daheng_sn_FDE23080341,232,180862640000000,180862640000000,180862640000000,2026-09-05T07:08:21.377802+00:00,2696,15210066782800,1920,1200
directshow_index_1,230,180862671000000,180862671000000,180862671000000,2026-09-05T07:08:21.396807+00:00,,,640,480
daheng_sn_FDE23080341,233,180862734000000,180862734000000,180862734000000,2026-09-05T07:08:21.471403+00:00,2707,15210151315600,1920,1200
directshow_index_1,231,180862765000000,180862765000000,180862765000000,2026-09-05T07:08:21.486654+00:00,,,640,480
daheng_sn_FDE23080341,234,180862828000000,180862828000000,180862828000000,2026-09-05T07:08:21.564616+00:00,2719,15210243533200,1920,1200
directshow_index_1,232,180862859000000,180862859000000,180862859000000,2026-09-05T07:08:21.582824+00:00,,,640,480
daheng_sn_FDE23080341,235,180862921000000,180862921000000,180862921000000,2026-09-05T07:08:21.669564+00:00,2732,15210343435600,1920,1200
directshow_index_1,233,180862953000000,180862953000000,180862953000000,2026-09-05T07:08:21.672563+00:00,,,640,480
daheng_sn_FDE23080341,236,180863015000000,180863015000000,180863015000000,2026-09-05T07:08:21.757667+00:00,2744,15210435653200,1920,1200
directshow_index_1,234,180863046000000,180863046000000,180863046000000,2026-09-05T07:08:21.769667+00:00,,,640,480
daheng_sn_FDE23080341,237,180863109000000,180863109000000,180863109000000,2026-09-05T07:08:21.846087+00:00,2756,15210527870800,1920,1200
directshow_index_1,235,180863140000000,180863140000000,180863140000000,2026-09-05T07:08:21.864708+00:00,,,640,480
daheng_sn_FDE23080341,238,180863203000000,180863203000000,180863203000000,2026-09-05T07:08:21.940820+00:00,2768,15210620088400,1920,1200
directshow_index_1,236,180863234000000,180863234000000,180863234000000,2026-09-05T07:08:21.955840+00:00,,,640,480
daheng_sn_FDE23080341,239,180863296000000,180863296000000,180863296000000,2026-09-05T07:08:22.036550+00:00,2780,15210712306000,1920,1200
directshow_index_1,237,180863328000000,180863328000000,180863328000000,2026-09-05T07:08:22.052974+00:00,,,640,480
daheng_sn_FDE23080341,240,180863390000000,180863390000000,180863390000000,2026-09-05T07:08:22.127277+00:00,2793,15210812208400,1920,1200
directshow_index_1,238,180863421000000,180863421000000,180863421000000,2026-09-05T07:08:22.146228+00:00,,,640,480
daheng_sn_FDE23080341,241,180863484000000,180863484000000,180863484000000,2026-09-05T07:08:22.223106+00:00,2805,15210904426000,1920,1200
directshow_index_1,239,180863515000000,180863515000000,180863515000000,2026-09-05T07:08:22.235108+00:00,,,640,480
daheng_sn_FDE23080341,242,180863578000000,180863578000000,180863578000000,2026-09-05T07:08:22.316004+00:00,2817,15210996643600,1920,1200
directshow_index_1,240,180863609000000,180863609000000,180863609000000,2026-09-05T07:08:22.332006+00:00,,,640,480
daheng_sn_FDE23080341,243,180863671000000,180863671000000,180863671000000,2026-09-05T07:08:22.411121+00:00,2829,15211088861200,1920,1200
directshow_index_1,241,180863703000000,180863703000000,180863703000000,2026-09-05T07:08:22.424123+00:00,,,640,480
daheng_sn_FDE23080341,244,180863765000000,180863765000000,180863765000000,2026-09-05T07:08:22.505317+00:00,2841,15211181078800,1920,1200
directshow_index_1,242,180863796000000,180863796000000,180863796000000,2026-09-05T07:08:22.520335+00:00,,,640,480
daheng_sn_FDE23080341,245,180863859000000,180863859000000,180863859000000,2026-09-05T07:08:22.597939+00:00,2853,15211273296400,1920,1200
directshow_index_1,243,180863890000000,180863890000000,180863890000000,2026-09-05T07:08:22.610006+00:00,,,640,480
daheng_sn_FDE23080341,246,180863953000000,180863953000000,180863953000000,2026-09-05T07:08:22.687494+00:00,2866,15211373198800,1920,1200
directshow_index_1,244,180863984000000,180863984000000,180863984000000,2026-09-05T07:08:22.708648+00:00,,,640,480
directshow_index_1,245,180864078000000,180864078000000,180864078000000,2026-09-05T07:08:22.802898+00:00,,,640,480
daheng_sn_FDE23080341,247,180864046000000,180864046000000,180864046000000,2026-09-05T07:08:22.806404+00:00,2878,15211465416400,1920,1200
daheng_sn_FDE23080341,248,180864140000000,180864140000000,180864140000000,2026-09-05T07:08:22.889153+00:00,2890,15211557634000,1920,1200
directshow_index_1,246,180864171000000,180864171000000,180864171000000,2026-09-05T07:08:22.893158+00:00,,,640,480
daheng_sn_FDE23080341,249,180864234000000,180864234000000,180864234000000,2026-09-05T07:08:22.985220+00:00,2902,15211649851600,1920,1200
directshow_index_1,247,180864265000000,180864265000000,180864265000000,2026-09-05T07:08:22.989217+00:00,,,640,480
daheng_sn_FDE23080341,250,180864328000000,180864328000000,180864328000000,2026-09-05T07:08:23.071776+00:00,2914,15211742069200,1920,1200
directshow_index_1,248,180864359000000,180864359000000,180864359000000,2026-09-05T07:08:23.085739+00:00,,,640,480
daheng_sn_FDE23080341,251,180864421000000,180864421000000,180864421000000,2026-09-05T07:08:23.169162+00:00,2927,15211841971600,1920,1200
directshow_index_1,249,180864453000000,180864453000000,180864453000000,2026-09-05T07:08:23.176159+00:00,,,640,480
daheng_sn_FDE23080341,252,180864515000000,180864515000000,180864515000000,2026-09-05T07:08:23.257571+00:00,2939,15211934189200,1920,1200
directshow_index_1,250,180864546000000,180864546000000,180864546000000,2026-09-05T07:08:23.266568+00:00,,,640,480
daheng_sn_FDE23080341,253,180864609000000,180864609000000,180864609000000,2026-09-05T07:08:23.352796+00:00,2951,15212026406800,1920,1200
directshow_index_1,251,180864640000000,180864640000000,180864640000000,2026-09-05T07:08:23.361944+00:00,,,640,480
daheng_sn_FDE23080341,254,180864703000000,180864703000000,180864703000000,2026-09-05T07:08:23.444003+00:00,2963,15212118624400,1920,1200
directshow_index_1,252,180864734000000,180864734000000,180864734000000,2026-09-05T07:08:23.458884+00:00,,,640,480
daheng_sn_FDE23080341,255,180864796000000,180864796000000,180864796000000,2026-09-05T07:08:23.541346+00:00,2976,15212218526800,1920,1200
directshow_index_1,253,180864828000000,180864828000000,180864828000000,2026-09-05T07:08:23.549251+00:00,,,640,480
daheng_sn_FDE23080341,256,180864890000000,180864890000000,180864890000000,2026-09-05T07:08:23.630905+00:00,2988,15212310744400,1920,1200
directshow_index_1,254,180864921000000,180864921000000,180864921000000,2026-09-05T07:08:23.647905+00:00,,,640,480
daheng_sn_FDE23080341,257,180864984000000,180864984000000,180864984000000,2026-09-05T07:08:23.728851+00:00,3000,15212402962000,1920,1200
directshow_index_1,255,180865015000000,180865015000000,180865015000000,2026-09-05T07:08:23.737122+00:00,,,640,480
daheng_sn_FDE23080341,258,180865078000000,180865078000000,180865078000000,2026-09-05T07:08:23.817799+00:00,3012,15212495179600,1920,1200
directshow_index_1,256,180865109000000,180865109000000,180865109000000,2026-09-05T07:08:23.833515+00:00,,,640,480
daheng_sn_FDE23080341,259,180865171000000,180865171000000,180865171000000,2026-09-05T07:08:23.914870+00:00,3024,15212587397200,1920,1200
directshow_index_1,257,180865203000000,180865203000000,180865203000000,2026-09-05T07:08:23.923499+00:00,,,640,480
daheng_sn_FDE23080341,260,180865265000000,180865265000000,180865265000000,2026-09-05T07:08:24.008354+00:00,3037,15212687299600,1920,1200
directshow_index_1,258,180865296000000,180865296000000,180865296000000,2026-09-05T07:08:24.021915+00:00,,,640,480
daheng_sn_FDE23080341,261,180865359000000,180865359000000,180865359000000,2026-09-05T07:08:24.104225+00:00,3049,15212779517200,1920,1200
directshow_index_1,259,180865390000000,180865390000000,180865390000000,2026-09-05T07:08:24.111338+00:00,,,640,480
daheng_sn_FDE23080341,262,180865453000000,180865453000000,180865453000000,2026-09-05T07:08:24.192439+00:00,3061,15212871734800,1920,1200
directshow_index_1,260,180865484000000,180865484000000,180865484000000,2026-09-05T07:08:24.207549+00:00,,,640,480
daheng_sn_FDE23080341,263,180865546000000,180865546000000,180865546000000,2026-09-05T07:08:24.289485+00:00,3073,15212963952400,1920,1200
directshow_index_1,261,180865578000000,180865578000000,180865578000000,2026-09-05T07:08:24.303330+00:00,,,640,480
daheng_sn_FDE23080341,264,180865640000000,180865640000000,180865640000000,2026-09-05T07:08:24.377929+00:00,3086,15213063854800,1920,1200
directshow_index_1,262,180865671000000,180865671000000,180865671000000,2026-09-05T07:08:24.392888+00:00,,,640,480
daheng_sn_FDE23080341,265,180865734000000,180865734000000,180865734000000,2026-09-05T07:08:24.476201+00:00,3097,15213148387600,1920,1200
directshow_index_1,263,180865765000000,180865765000000,180865765000000,2026-09-05T07:08:24.488202+00:00,,,640,480
daheng_sn_FDE23080341,266,180865828000000,180865828000000,180865828000000,2026-09-05T07:08:24.567278+00:00,3110,15213248290000,1920,1200
directshow_index_1,264,180865859000000,180865859000000,180865859000000,2026-09-05T07:08:24.582707+00:00,,,640,480
daheng_sn_FDE23080341,267,180865921000000,180865921000000,180865921000000,2026-09-05T07:08:24.662781+00:00,3122,15213340507600,1920,1200
directshow_index_1,265,180865953000000,180865953000000,180865953000000,2026-09-05T07:08:24.673820+00:00,,,640,480
daheng_sn_FDE23080341,268,180866015000000,180866015000000,180866015000000,2026-09-05T07:08:24.757088+00:00,3135,15213440410000,1920,1200
directshow_index_1,266,180866046000000,180866046000000,180866046000000,2026-09-05T07:08:24.771087+00:00,,,640,480
daheng_sn_FDE23080341,269,180866109000000,180866109000000,180866109000000,2026-09-05T07:08:24.854580+00:00,3146,15213524942800,1920,1200
directshow_index_1,267,180866140000000,180866140000000,180866140000000,2026-09-05T07:08:24.860580+00:00,,,640,480
daheng_sn_FDE23080341,270,180866203000000,180866203000000,180866203000000,2026-09-05T07:08:24.944287+00:00,3159,15213624845200,1920,1200
directshow_index_1,268,180866234000000,180866234000000,180866234000000,2026-09-05T07:08:24.956766+00:00,,,640,480
daheng_sn_FDE23080341,271,180866296000000,180866296000000,180866296000000,2026-09-05T07:08:25.039764+00:00,3171,15213717062800,1920,1200
directshow_index_1,269,180866328000000,180866328000000,180866328000000,2026-09-05T07:08:25.049039+00:00,,,640,480
daheng_sn_FDE23080341,272,180866390000000,180866390000000,180866390000000,2026-09-05T07:08:25.135441+00:00,3183,15213809280400,1920,1200
directshow_index_1,270,180866421000000,180866421000000,180866421000000,2026-09-05T07:08:25.147696+00:00,,,640,480
daheng_sn_FDE23080341,273,180866484000000,180866484000000,180866484000000,2026-09-05T07:08:25.226526+00:00,3195,15213901498000,1920,1200
directshow_index_1,271,180866515000000,180866515000000,180866515000000,2026-09-05T07:08:25.235412+00:00,,,640,480
daheng_sn_FDE23080341,274,180866578000000,180866578000000,180866578000000,2026-09-05T07:08:25.322299+00:00,3208,15214001400400,1920,1200
directshow_index_1,272,180866609000000,180866609000000,180866609000000,2026-09-05T07:08:25.332305+00:00,,,640,480
daheng_sn_FDE23080341,275,180866671000000,180866671000000,180866671000000,2026-09-05T07:08:25.413795+00:00,3219,15214085933200,1920,1200
directshow_index_1,273,180866703000000,180866703000000,180866703000000,2026-09-05T07:08:25.421795+00:00,,,640,480
daheng_sn_FDE23080341,276,180866765000000,180866765000000,180866765000000,2026-09-05T07:08:25.507073+00:00,3232,15214185835600,1920,1200
directshow_index_1,274,180866796000000,180866796000000,180866796000000,2026-09-05T07:08:25.518871+00:00,,,640,480
daheng_sn_FDE23080341,277,180866859000000,180866859000000,180866859000000,2026-09-05T07:08:25.600999+00:00,3244,15214278053200,1920,1200
directshow_index_1,275,180866890000000,180866890000000,180866890000000,2026-09-05T07:08:25.613019+00:00,,,640,480
daheng_sn_FDE23080341,278,180866953000000,180866953000000,180866953000000,2026-09-05T07:08:25.689017+00:00,3256,15214370270800,1920,1200
directshow_index_1,276,180866984000000,180866984000000,180866984000000,2026-09-05T07:08:25.709361+00:00,,,640,480
daheng_sn_FDE23080341,279,180867046000000,180867046000000,180867046000000,2026-09-05T07:08:25.798572+00:00,3268,15214462488400,1920,1200
directshow_index_1,277,180867078000000,180867078000000,180867078000000,2026-09-05T07:08:25.801569+00:00,,,640,480
daheng_sn_FDE23080341,280,180867140000000,180867140000000,180867140000000,2026-09-05T07:08:25.878804+00:00,3281,15214562390800,1920,1200
directshow_index_1,278,180867171000000,180867171000000,180867171000000,2026-09-05T07:08:25.892228+00:00,,,640,480
daheng_sn_FDE23080341,281,180867234000000,180867234000000,180867234000000,2026-09-05T07:08:25.970873+00:00,3293,15214654608400,1920,1200
directshow_index_1,279,180867265000000,180867265000000,180867265000000,2026-09-05T07:08:25.988395+00:00,,,640,480
daheng_sn_FDE23080341,282,180867328000000,180867328000000,180867328000000,2026-09-05T07:08:26.066421+00:00,3305,15214746826000,1920,1200
directshow_index_1,280,180867359000000,180867359000000,180867359000000,2026-09-05T07:08:26.085420+00:00,,,640,480
daheng_sn_FDE23080341,283,180867421000000,180867421000000,180867421000000,2026-09-05T07:08:26.160474+00:00,3318,15214846728400,1920,1200
directshow_index_1,281,180867453000000,180867453000000,180867453000000,2026-09-05T07:08:26.174478+00:00,,,640,480
daheng_sn_FDE23080341,284,180867515000000,180867515000000,180867515000000,2026-09-05T07:08:26.252940+00:00,3330,15214938946000,1920,1200
directshow_index_1,282,180867546000000,180867546000000,180867546000000,2026-09-05T07:08:26.272398+00:00,,,640,480
daheng_sn_FDE23080341,285,180867609000000,180867609000000,180867609000000,2026-09-05T07:08:26.352532+00:00,3342,15215031163600,1920,1200
directshow_index_1,283,180867640000000,180867640000000,180867640000000,2026-09-05T07:08:26.361248+00:00,,,640,480
daheng_sn_FDE23080341,286,180867703000000,180867703000000,180867703000000,2026-09-05T07:08:26.444170+00:00,3354,15215123381200,1920,1200
directshow_index_1,284,180867734000000,180867734000000,180867734000000,2026-09-05T07:08:26.456602+00:00,,,640,480
daheng_sn_FDE23080341,287,180867796000000,180867796000000,180867796000000,2026-09-05T07:08:26.536282+00:00,3366,15215215598800,1920,1200
directshow_index_1,285,180867828000000,180867828000000,180867828000000,2026-09-05T07:08:26.546284+00:00,,,640,480
daheng_sn_FDE23080341,288,180867890000000,180867890000000,180867890000000,2026-09-05T07:08:26.628282+00:00,3378,15215307816400,1920,1200
directshow_index_1,286,180867921000000,180867921000000,180867921000000,2026-09-05T07:08:26.643545+00:00,,,640,480
daheng_sn_FDE23080341,289,180867984000000,180867984000000,180867984000000,2026-09-05T07:08:26.721727+00:00,3390,15215400034000,1920,1200
directshow_index_1,287,180868015000000,180868015000000,180868015000000,2026-09-05T07:08:26.739258+00:00,,,640,480
daheng_sn_FDE23080341,290,180868078000000,180868078000000,180868078000000,2026-09-05T07:08:26.817859+00:00,3403,15215499936400,1920,1200
directshow_index_1,288,180868109000000,180868109000000,180868109000000,2026-09-05T07:08:26.828859+00:00,,,640,480
directshow_index_1,289,180868203000000,180868203000000,180868203000000,2026-09-05T07:08:26.925462+00:00,,,640,480
directshow_index_1,290,180868296000000,180868296000000,180868296000000,2026-09-05T07:08:27.015215+00:00,,,640,480
