sample_index,host_utc,read_start_monotonic_ns,read_end_monotonic_ns,elapsed_s,phase,segment_index,read_retry_count,j1_position_raw,j1_target_raw,j1_position_rad,j1_target_rad,j1_voltage_raw,j1_voltage_v,j1_temperature_c,j1_current_raw,j2_position_raw,j2_target_raw,j2_position_rad,j2_target_rad,j2_voltage_raw,j2_voltage_v,j2_temperature_c,j2_current_raw,j3_position_raw,j3_target_raw,j3_position_rad,j3_target_rad,j3_voltage_raw,j3_voltage_v,j3_temperature_c,j3_current_raw,j4_position_raw,j4_target_raw,j4_position_rad,j4_target_rad,j4_voltage_raw,j4_voltage_v,j4_temperature_c,j4_current_raw,j5_position_raw,j5_target_raw,j5_position_rad,j5_target_rad,j5_voltage_raw,j5_voltage_v,j5_temperature_c,j5_current_raw
0,2026-09-05T04:42:53.401103+00:00,172134625000000,172134671000000,0.203000000,online_inference,0,0,2088,2088,0.099708751213,0.099708751213,76,7.6,27,0,2637,2637,0.875903029883,0.875903029883,75,7.5,26,1,2607,2607,0.842155452549,0.842155452549,76,7.6,27,0,2726,2726,0.997087512126,0.997087512126,75,7.5,26,0,2076,2076,0.015339807879,0.015339807879,76,7.6,26,0
1,2026-09-05T04:42:53.452868+00:00,172134687000000,172134734000000,0.266000000,online_inference,0,0,2088,2088,0.099708751213,0.099708751213,76,7.6,27,0,2637,2637,0.875903029883,0.875903029883,75,7.5,26,1,2607,2607,0.842155452549,0.842155452549,76,7.6,27,0,2726,2726,0.997087512126,0.997087512126,75,7.5,26,0,2076,2076,0.015339807879,0.015339807879,76,7.6,25,0
2,2026-09-05T04:42:53.514452+00:00,172134750000000,172134796000000,0.328000000,online_inference,0,0,2088,2088,0.099708751213,0.099708751213,76,7.6,27,0,2637,2637,0.875903029883,0.875903029883,75,7.5,26,0,2607,2607,0.842155452549,0.842155452549,76,7.6,27,0,2726,2726,0.997087512126,0.997087512126,75,7.5,26,0,2076,2076,0.015339807879,0.015339807879,75,7.5,25,0
3,2026-09-05T04:42:53.581845+00:00,172134812000000,172134859000000,0.391000000,online_inference,0,0,2088,2088,0.099708751213,0.099708751213,76,7.6,27,0,2639,2637,0.878970991458,0.875903029883,75,7.5,26,0,2606,2607,0.840621471761,0.842155452549,76,7.6,27,0,2726,2726,0.997087512126,0.997087512126,75,7.5,26,0,2076,2076,0.015339807879,0.015339807879,76,7.6,26,0
4,2026-09-05T04:42:53.647965+00:00,172134875000000,172134921000000,0.453000000,online_inference,0,0,2088,2088,0.099708751213,0.099708751213,76,7.6,27,0,2639,2637,0.878970991458,0.875903029883,75,7.5,26,1,2606,2607,0.840621471761,0.842155452549,76,7.6,27,0,2726,2726,0.997087512126,0.997087512126,75,7.5,26,0,2076,2076,0.015339807879,0.015339807879,76,7.6,25,0
5,2026-09-05T04:42:53.703696+00:00,172134937000000,172134984000000,0.516000000,online_inference,0,0,2088,2088,0.099708751213,0.099708751213,76,7.6,27,0,2639,2637,0.878970991458,0.875903029883,75,7.5,26,1,2606,2607,0.840621471761,0.842155452549,76,7.6,27,0,2726,2726,0.997087512126,0.997087512126,75,7.5,26,0,2076,2076,0.015339807879,0.015339807879,76,7.6,25,0
6,2026-09-05T04:42:53.763251+00:00,172135000000000,172135031000000,0.563000000,online_inference,0,0,2088,2088,0.099708751213,0.099708751213,76,7.6,27,0,2639,2637,0.878970991458,0.875903029883,75,7.5,26,1,2606,2607,0.840621471761,0.842155452549,76,7.6,27,0,2726,2726,0.997087512126,0.997087512126,75,7.5,26,0,2076,2076,0.015339807879,0.015339807879,76,7.6,25,0
7,2026-09-05T04:42:53.809669+00:00,172135046000000,172135078000000,0.610000000,online_inference,0,0,2088,2088,0.099708751213,0.099708751213,76,7.6,27,0,2639,2637,0.878970991458,0.875903029883,75,7.5,26,1,2606,2607,0.840621471761,0.842155452549,76,7.6,27,0,2726,2726,0.997087512126,0.997087512126,75,7.5,26,0,2076,2076,0.015339807879,0.015339807879,76,7.6,25,0
8,2026-09-05T04:42:53.861694+00:00,172135093000000,172135140000000,0.672000000,online_inference,0,0,2088,2088,0.099708751213,0.099708751213,76,7.6,27,0,2639,2637,0.878970991458,0.875903029883,75,7.5,26,1,2606,2607,0.840621471761,0.842155452549,76,7.6,27,0,2726,2726,0.997087512126,0.997087512126,75,7.5,26,0,2076,2076,0.015339807879,0.015339807879,76,7.6,25,0
9,2026-09-05T04:42:53.921997+00:00,172135156000000,172135203000000,0.735000000,online_inference,0,0,2088,2088,0.099708751213,0.099708751213,76,7.6,27,0,2639,2637,0.878970991458,0.875903029883,75,7.5,26,0,2606,2607,0.840621471761,0.842155452549,76,7.6,27,0,2726,2726,0.997087512126,0.997087512126,75,7.5,26,0,2076,2076,0.015339807879,0.015339807879,76,7.6,26,0
10,2026-09-05T04:42:53.977086+00:00,172135218000000,172135250000000,0.782000000,online_inference,0,0,2088,2088,0.099708751213,0.099708751213,76,7.6,27,1,2639,2637,0.878970991458,0.875903029883,75,7.5,26,0,2606,2607,0.840621471761,0.842155452549,76,7.6,27,0,2726,2726,0.997087512126,0.997087512126,75,7.5,26,0,2076,2076,0.015339807879,0.015339807879,76,7.6,25,0
11,2026-09-05T04:42:54.031680+00:00,172135265000000,172135312000000,0.844000000,online_inference,0,0,2088,2088,0.099708751213,0.099708751213,76,7.6,27,0,2639,2637,0.878970991458,0.875903029883,75,7.5,26,1,2606,2607,0.840621471761,0.842155452549,76,7.6,27,0,2726,2726,0.997087512126,0.997087512126,75,7.5,26,0,2076,2076,0.015339807879,0.015339807879,76,7.6,25,0
12,2026-09-05T04:42:54.100624+00:00,172135328000000,172135375000000,0.907000000,online_inference,0,0,2088,2088,0.099708751213,0.099708751213,76,7.6,27,0,2639,2637,0.878970991458,0.875903029883,75,7.5,26,0,2606,2607,0.840621471761,0.842155452549,76,7.6,27,0,2726,2726,0.997087512126,0.997087512126,75,7.5,26,0,2076,2076,0.015339807879,0.015339807879,76,7.6,25,0
13,2026-09-05T04:42:54.158907+00:00,172135390000000,172135437000000,0.969000000,online_inference,0,0,2088,2088,0.099708751213,0.099708751213,76,7.6,27,0,2639,2637,0.878970991458,0.875903029883,75,7.5,26,0,2606,2607,0.840621471761,0.842155452549,76,7.6,27,0,2726,2726,0.997087512126,0.997087512126,75,7.5,26,0,2076,2076,0.015339807879,0.015339807879,76,7.6,25,0
14,2026-09-05T04:42:54.231763+00:00,172135453000000,172135500000000,1.032000000,online_inference,0,0,2088,2088,0.099708751213,0.099708751213,76,7.6,27,0,2639,2637,0.878970991458,0.875903029883,75,7.5,26,1,2606,2607,0.840621471761,0.842155452549,76,7.6,27,0,2726,2726,0.997087512126,0.997087512126,75,7.5,26,0,2076,2076,0.015339807879,0.015339807879,76,7.6,25,0
15,2026-09-05T04:42:54.282771+00:00,172135515000000,172135562000000,1.094000000,online_inference,0,0,2088,2088,0.099708751213,0.099708751213,76,7.6,27,0,2639,2637,0.878970991458,0.875903029883,75,7.5,26,0,2606,2607,0.840621471761,0.842155452549,76,7.6,27,0,2726,2726,0.997087512126,0.997087512126,75,7.5,26,0,2076,2076,0.015339807879,0.015339807879,76,7.6,25,0
16,2026-09-05T04:42:54.345631+00:00,172135578000000,172135625000000,1.157000000,online_inference,0,0,2088,2088,0.099708751213,0.099708751213,76,7.6,27,0,2639,2637,0.878970991458,0.875903029883,75,7.5,26,0,2606,2607,0.840621471761,0.842155452549,76,7.6,27,0,2726,2726,0.997087512126,0.997087512126,75,7.5,26,0,2076,2076,0.015339807879,0.015339807879,75,7.5,25,0
17,2026-09-05T04:42:54.412584+00:00,172135640000000,172135687000000,1.219000000,online_inference,0,0,2088,2088,0.099708751213,0.099708751213,76,7.6,27,0,2639,2637,0.878970991458,0.875903029883,75,7.5,26,0,2606,2607,0.840621471761,0.842155452549,76,7.6,27,0,2726,2726,0.997087512126,0.997087512126,75,7.5,26,0,2076,2076,0.015339807879,0.015339807879,76,7.6,25,0
18,2026-09-05T04:42:54.468677+00:00,172135703000000,172135750000000,1.282000000,online_inference,0,0,2088,2088,0.099708751213,0.099708751213,76,7.6,27,0,2639,2637,0.878970991458,0.875903029883,75,7.5,26,0,2606,2607,0.840621471761,0.842155452549,76,7.6,27,0,2726,2726,0.997087512126,0.997087512126,75,7.5,26,0,2076,2076,0.015339807879,0.015339807879,76,7.6,26,0
19,2026-09-05T04:42:54.533884+00:00,172135765000000,172135812000000,1.344000000,online_inference,0,0,2088,2088,0.099708751213,0.099708751213,76,7.6,27,0,2639,2637,0.878970991458,0.875903029883,75,7.5,26,1,2606,2607,0.840621471761,0.842155452549,76,7.6,27,0,2726,2726,0.997087512126,0.997087512126,75,7.5,26,0,2076,2076,0.015339807879,0.015339807879,75,7.5,25,0
20,2026-09-05T04:42:54.590016+00:00,172135828000000,172135859000000,1.391000000,online_inference,0,0,2088,2088,0.099708751213,0.099708751213,76,7.6,27,0,2639,2637,0.878970991458,0.875903029883,75,7.5,26,1,2606,2607,0.840621471761,0.842155452549,76,7.6,27,0,2726,2726,0.997087512126,0.997087512126,75,7.5,26,0,2076,2076,0.015339807879,0.015339807879,75,7.5,25,0
21,2026-09-05T04:42:54.638534+00:00,172135875000000,172135906000000,1.438000000,online_inference,0,0,2088,2088,0.099708751213,0.099708751213,76,7.6,27,0,2639,2637,0.878970991458,0.875903029883,75,7.5,26,0,2606,2607,0.840621471761,0.842155452549,76,7.6,27,0,2726,2726,0.997087512126,0.997087512126,75,7.5,26,0,2076,2076,0.015339807879,0.015339807879,75,7.5,25,0
22,2026-09-05T04:42:54.694645+00:00,172135921000000,172135968000000,1.500000000,online_inference,0,0,2088,2088,0.099708751213,0.099708751213,76,7.6,27,0,2639,2637,0.878970991458,0.875903029883,75,7.5,26,0,2606,2607,0.840621471761,0.842155452549,76,7.6,27,0,2726,2726,0.997087512126,0.997087512126,75,7.5,26,0,2076,2076,0.015339807879,0.015339807879,76,7.6,25,0
23,2026-09-05T04:42:54.750414+00:00,172135984000000,172136031000000,1.563000000,online_inference,0,0,2088,2088,0.099708751213,0.099708751213,76,7.6,27,0,2639,2637,0.878970991458,0.875903029883,75,7.5,26,1,2606,2607,0.840621471761,0.842155452549,76,7.6,27,0,2726,2726,0.997087512126,0.997087512126,75,7.5,26,0,2076,2076,0.015339807879,0.015339807879,76,7.6,26,0
24,2026-09-05T04:42:54.814023+00:00,172136046000000,172136093000000,1.625000000,online_inference,0,0,2088,2088,0.099708751213,0.099708751213,76,7.6,27,0,2639,2637,0.878970991458,0.875903029883,75,7.5,26,0,2606,2607,0.840621471761,0.842155452549,76,7.6,27,0,2726,2726,0.997087512126,0.997087512126,75,7.5,26,0,2076,2076,0.015339807879,0.015339807879,76,7.6,25,0
25,2026-09-05T04:42:54.885022+00:00,172136109000000,172136156000000,1.688000000,online_inference,0,0,2088,2088,0.099708751213,0.099708751213,76,7.6,27,0,2639,2637,0.878970991458,0.875903029883,75,7.5,26,1,2606,2607,0.840621471761,0.842155452549,76,7.6,27,0,2726,2726,0.997087512126,0.997087512126,75,7.5,26,0,2076,2076,0.015339807879,0.015339807879,76,7.6,25,0
26,2026-09-05T04:42:54.933390+00:00,172136171000000,172136203000000,1.735000000,online_inference,0,0,2088,2088,0.099708751213,0.099708751213,76,7.6,27,0,2639,2637,0.878970991458,0.875903029883,75,7.5,26,1,2606,2607,0.840621471761,0.842155452549,76,7.6,27,0,2726,2726,0.997087512126,0.997087512126,75,7.5,26,0,2076,2076,0.015339807879,0.015339807879,75,7.5,25,0
27,2026-09-05T04:42:55.006771+00:00,172136234000000,172136281000000,1.813000000,online_inference,0,0,2088,2088,0.099708751213,0.099708751213,76,7.6,27,0,2639,2637,0.878970991458,0.875903029883,75,7.5,26,1,2606,2607,0.840621471761,0.842155452549,76,7.6,27,0,2726,2726,0.997087512126,0.997087512126,75,7.5,26,0,2076,2076,0.015339807879,0.015339807879,76,7.6,25,0
28,2026-09-05T04:42:55.064512+00:00,172136296000000,172136343000000,1.875000000,online_inference,0,0,2088,2088,0.099708751213,0.099708751213,76,7.6,27,0,2639,2637,0.878970991458,0.875903029883,75,7.5,26,0,2606,2607,0.840621471761,0.842155452549,76,7.6,27,0,2726,2726,0.997087512126,0.997087512126,75,7.5,26,0,2076,2076,0.015339807879,0.015339807879,76,7.6,25,0
29,2026-09-05T04:42:55.124029+00:00,172136359000000,172136406000000,1.938000000,online_inference,0,0,2088,2088,0.099708751213,0.099708751213,76,7.6,27,0,2639,2637,0.878970991458,0.875903029883,75,7.5,26,1,2606,2607,0.840621471761,0.842155452549,76,7.6,27,0,2726,2726,0.997087512126,0.997087512126,75,7.5,26,0,2076,2076,0.015339807879,0.015339807879,76,7.6,25,0
30,2026-09-05T04:42:55.183857+00:00,172136421000000,172136453000000,1.985000000,online_inference,0,0,2088,2088,0.099708751213,0.099708751213,76,7.6,26,0,2639,2637,0.878970991458,0.875903029883,75,7.5,26,0,2606,2607,0.840621471761,0.842155452549,76,7.6,27,0,2726,2726,0.997087512126,0.997087512126,75,7.5,26,0,2076,2076,0.015339807879,0.015339807879,76,7.6,25,0
31,2026-09-05T04:42:55.244396+00:00,172136468000000,172136515000000,2.047000000,online_inference,0,0,2088,2088,0.099708751213,0.099708751213,76,7.6,27,0,2639,2637,0.878970991458,0.875903029883,75,7.5,26,1,2606,2607,0.840621471761,0.842155452549,76,7.6,27,0,2726,2726,0.997087512126,0.997087512126,75,7.5,26,0,2076,2076,0.015339807879,0.015339807879,76,7.6,26,0
32,2026-09-05T04:42:55.289846+00:00,172136531000000,172136562000000,2.094000000,online_inference,0,0,2088,2088,0.099708751213,0.099708751213,76,7.6,27,0,2639,2637,0.878970991458,0.875903029883,75,7.5,26,0,2606,2607,0.840621471761,0.842155452549,76,7.6,27,0,2726,2726,0.997087512126,0.997087512126,75,7.5,26,0,2076,2076,0.015339807879,0.015339807879,75,7.5,26,0
33,2026-09-05T04:42:55.347968+00:00,172136578000000,172136625000000,2.157000000,online_inference,0,0,2088,2088,0.099708751213,0.099708751213,76,7.6,27,0,2639,2637,0.878970991458,0.875903029883,75,7.5,26,1,2606,2607,0.840621471761,0.842155452549,76,7.6,27,0,2726,2726,0.997087512126,0.997087512126,75,7.5,26,0,2076,2076,0.015339807879,0.015339807879,76,7.6,26,0
34,2026-09-05T04:42:55.398584+00:00,172136640000000,172136671000000,2.203000000,online_inference,0,0,2088,2088,0.099708751213,0.099708751213,76,7.6,27,0,2639,2637,0.878970991458,0.875903029883,75,7.5,26,1,2606,2607,0.840621471761,0.842155452549,76,7.6,27,0,2726,2726,0.997087512126,0.997087512126,75,7.5,26,0,2076,2076,0.015339807879,0.015339807879,76,7.6,25,0
35,2026-09-05T04:42:55.458188+00:00,172136687000000,172136734000000,2.266000000,online_inference,0,0,2088,2088,0.099708751213,0.099708751213,76,7.6,27,0,2639,2637,0.878970991458,0.875903029883,75,7.5,26,1,2606,2607,0.840621471761,0.842155452549,76,7.6,27,0,2726,2726,0.997087512126,0.997087512126,75,7.5,26,0,2076,2076,0.015339807879,0.015339807879,75,7.5,25,0
36,2026-09-05T04:42:55.513091+00:00,172136750000000,172136781000000,2.313000000,online_inference,0,0,2088,2088,0.099708751213,0.099708751213,76,7.6,27,0,2639,2637,0.878970991458,0.875903029883,75,7.5,26,0,2606,2607,0.840621471761,0.842155452549,76,7.6,27,0,2726,2726,0.997087512126,0.997087512126,75,7.5,26,0,2076,2076,0.015339807879,0.015339807879,76,7.6,25,0
37,2026-09-05T04:42:55.563845+00:00,172136796000000,172136843000000,2.375000000,online_inference,0,0,2088,2088,0.099708751213,0.099708751213,76,7.6,27,0,2639,2637,0.878970991458,0.875903029883,75,7.5,26,1,2606,2607,0.840621471761,0.842155452549,76,7.6,27,0,2726,2726,0.997087512126,0.997087512126,75,7.5,26,0,2076,2076,0.015339807879,0.015339807879,76,7.6,25,0
38,2026-09-05T04:42:55.624209+00:00,172136859000000,172136906000000,2.438000000,online_inference,0,0,2088,2088,0.099708751213,0.099708751213,76,7.6,27,0,2639,2637,0.878970991458,0.875903029883,75,7.5,26,0,2606,2607,0.840621471761,0.842155452549,76,7.6,27,0,2726,2726,0.997087512126,0.997087512126,75,7.5,26,0,2076,2076,0.015339807879,0.015339807879,76,7.6,25,0
39,2026-09-05T04:42:55.681487+00:00,172136921000000,172136953000000,2.485000000,online_inference,0,0,2088,2088,0.099708751213,0.099708751213,76,7.6,27,0,2639,2637,0.878970991458,0.875903029883,75,7.5,26,1,2606,2607,0.840621471761,0.842155452549,76,7.6,27,0,2726,2726,0.997087512126,0.997087512126,75,7.5,26,0,2076,2076,0.015339807879,0.015339807879,76,7.6,25,0
40,2026-09-05T04:42:55.738470+00:00,172136968000000,172137015000000,2.547000000,online_inference,0,0,2088,2088,0.099708751213,0.099708751213,76,7.6,27,0,2639,2637,0.878970991458,0.875903029883,75,7.5,26,0,2606,2607,0.840621471761,0.842155452549,76,7.6,27,0,2726,2726,0.997087512126,0.997087512126,75,7.5,26,0,2076,2076,0.015339807879,0.015339807879,76,7.6,28,0
41,2026-09-05T04:42:55.801860+00:00,172137031000000,172137078000000,2.610000000,online_inference,0,0,2088,2088,0.099708751213,0.099708751213,76,7.6,27,0,2639,2637,0.878970991458,0.875903029883,75,7.5,26,1,2606,2607,0.840621471761,0.842155452549,76,7.6,27,0,2726,2726,0.997087512126,0.997087512126,75,7.5,26,0,2076,2076,0.015339807879,0.015339807879,76,7.6,25,0
42,2026-09-05T04:42:55.851032+00:00,172137093000000,172137125000000,2.657000000,online_inference,0,0,2088,2088,0.099708751213,0.099708751213,76,7.6,27,0,2639,2637,0.878970991458,0.875903029883,75,7.5,26,1,2606,2607,0.840621471761,0.842155452549,76,7.6,27,0,2726,2726,0.997087512126,0.997087512126,75,7.5,26,0,2076,2076,0.015339807879,0.015339807879,76,7.6,25,0
43,2026-09-05T04:42:55.915885+00:00,172137140000000,172137187000000,2.719000000,online_inference,0,0,2088,2088,0.099708751213,0.099708751213,76,7.6,27,0,2639,2637,0.878970991458,0.875903029883,75,7.5,26,0,2606,2607,0.840621471761,0.842155452549,76,7.6,27,0,2726,2726,0.997087512126,0.997087512126,75,7.5,26,0,2076,2076,0.015339807879,0.015339807879,75,7.5,25,0
44,2026-09-05T04:42:55.965883+00:00,172137203000000,172137234000000,2.766000000,online_inference,0,0,2088,2088,0.099708751213,0.099708751213,76,7.6,27,0,2639,2637,0.878970991458,0.875903029883,75,7.5,26,1,2606,2607,0.840621471761,0.842155452549,76,7.6,27,0,2726,2726,0.997087512126,0.997087512126,75,7.5,26,0,2076,2076,0.015339807879,0.015339807879,76,7.6,25,0
45,2026-09-05T04:42:56.039018+00:00,172137265000000,172137312000000,2.844000000,online_inference,0,0,2088,2088,0.099708751213,0.099708751213,76,7.6,27,0,2639,2637,0.878970991458,0.875903029883,75,7.5,26,0,2606,2607,0.840621471761,0.842155452549,76,7.6,27,0,2726,2726,0.997087512126,0.997087512126,75,7.5,26,0,2076,2076,0.015339807879,0.015339807879,75,7.5,25,0
46,2026-09-05T04:42:56.094328+00:00,172137328000000,172137375000000,2.907000000,online_inference,0,0,2088,2088,0.099708751213,0.099708751213,76,7.6,27,0,2639,2637,0.878970991458,0.875903029883,75,7.5,26,1,2606,2607,0.840621471761,0.842155452549,76,7.6,27,0,2726,2726,0.997087512126,0.997087512126,75,7.5,26,0,2076,2076,0.015339807879,0.015339807879,76,7.6,25,0
47,2026-09-05T04:42:56.147613+00:00,172137390000000,172137421000000,2.953000000,online_inference,0,0,2088,2088,0.099708751213,0.099708751213,76,7.6,27,0,2639,2637,0.878970991458,0.875903029883,75,7.5,26,0,2606,2607,0.840621471761,0.842155452549,76,7.6,27,0,2726,2726,0.997087512126,0.997087512126,75,7.5,26,0,2076,2076,0.015339807879,0.015339807879,76,7.6,25,0
48,2026-09-05T04:42:56.211151+00:00,172137437000000,172137484000000,3.016000000,online_inference,0,0,2088,2088,0.099708751213,0.099708751213,76,7.6,27,0,2639,2637,0.878970991458,0.875903029883,75,7.5,26,0,2606,2607,0.840621471761,0.842155452549,76,7.6,27,0,2726,2726,0.997087512126,0.997087512126,75,7.5,26,0,2076,2076,0.015339807879,0.015339807879,75,7.5,25,0
49,2026-09-05T04:42:56.253074+00:00,172137500000000,172137531000000,3.063000000,online_inference,0,0,2088,2088,0.099708751213,0.099708751213,76,7.6,27,0,2639,2637,0.878970991458,0.875903029883,75,7.5,26,1,2606,2607,0.840621471761,0.842155452549,76,7.6,27,0,2726,2726,0.997087512126,0.997087512126,75,7.5,26,0,2076,2076,0.015339807879,0.015339807879,76,7.6,26,0
50,2026-09-05T04:42:56.314155+00:00,172137546000000,172137593000000,3.125000000,online_inference,0,0,2088,2088,0.099708751213,0.099708751213,76,7.6,27,0,2639,2637,0.878970991458,0.875903029883,75,7.5,26,0,2606,2607,0.840621471761,0.842155452549,76,7.6,27,0,2726,2726,0.997087512126,0.997087512126,75,7.5,26,0,2076,2076,0.015339807879,0.015339807879,76,7.6,25,0
51,2026-09-05T04:42:56.377642+00:00,172137609000000,172137656000000,3.188000000,online_inference,0,0,2088,2088,0.099708751213,0.099708751213,76,7.6,27,0,2639,2637,0.878970991458,0.875903029883,75,7.5,26,1,2606,2607,0.840621471761,0.842155452549,76,7.6,27,0,2726,2726,0.997087512126,0.997087512126,75,7.5,26,0,2076,2076,0.015339807879,0.015339807879,76,7.6,25,0
52,2026-09-05T04:42:56.437619+00:00,172137671000000,172137718000000,3.250000000,online_inference,0,0,2088,2088,0.099708751213,0.099708751213,76,7.6,27,0,2639,2637,0.878970991458,0.875903029883,75,7.5,26,0,2606,2607,0.840621471761,0.842155452549,76,7.6,27,0,2726,2726,0.997087512126,0.997087512126,75,7.5,26,0,2076,2076,0.015339807879,0.015339807879,76,7.6,25,0
53,2026-09-05T04:42:56.500852+00:00,172137734000000,172137781000000,3.313000000,online_inference,0,0,2088,2088,0.099708751213,0.099708751213,76,7.6,27,0,2639,2637,0.878970991458,0.875903029883,75,7.5,26,0,2606,2607,0.840621471761,0.842155452549,76,7.6,27,0,2726,2726,0.997087512126,0.997087512126,75,7.5,26,0,2076,2076,0.015339807879,0.015339807879,75,7.5,25,0
54,2026-09-05T04:42:56.569625+00:00,172137796000000,172137843000000,3.375000000,online_inference,0,0,2088,2088,0.099708751213,0.099708751213,76,7.6,27,0,2639,2637,0.878970991458,0.875903029883,75,7.5,26,1,2606,2607,0.840621471761,0.842155452549,76,7.6,27,0,2726,2726,0.997087512126,0.997087512126,75,7.5,26,0,2076,2076,0.015339807879,0.015339807879,76,7.6,25,0
55,2026-09-05T04:42:56.618959+00:00,172137859000000,172137890000000,3.422000000,online_inference,0,0,2088,2088,0.099708751213,0.099708751213,76,7.6,27,0,2639,2637,0.878970991458,0.875903029883,75,7.5,26,0,2606,2607,0.840621471761,0.842155452549,76,7.6,27,0,2726,2726,0.997087512126,0.997087512126,75,7.5,26,0,2076,2076,0.015339807879,0.015339807879,76,7.6,25,0
56,2026-09-05T04:42:56.677708+00:00,172137906000000,172137953000000,3.485000000,online_inference,0,0,2088,2088,0.099708751213,0.099708751213,76,7.6,27,0,2639,2637,0.878970991458,0.875903029883,75,7.5,26,0,2606,2607,0.840621471761,0.842155452549,76,7.6,27,0,2726,2726,0.997087512126,0.997087512126,75,7.5,26,0,2076,2076,0.015339807879,0.015339807879,76,7.6,25,0
57,2026-09-05T04:42:56.735245+00:00,172137968000000,172138015000000,3.547000000,online_inference,0,0,2088,2088,0.099708751213,0.099708751213,76,7.6,27,0,2639,2637,0.878970991458,0.875903029883,75,7.5,26,1,2606,2607,0.840621471761,0.842155452549,76,7.6,27,0,2726,2726,0.997087512126,0.997087512126,75,7.5,26,0,2076,2076,0.015339807879,0.015339807879,75,7.5,25,0
58,2026-09-05T04:42:56.795843+00:00,172138031000000,172138078000000,3.610000000,online_inference,0,0,2088,2088,0.099708751213,0.099708751213,76,7.6,27,0,2639,2637,0.878970991458,0.875903029883,75,7.5,26,1,2606,2607,0.840621471761,0.842155452549,76,7.6,27,0,2726,2726,0.997087512126,0.997087512126,75,7.5,26,0,2076,2076,0.015339807879,0.015339807879,75,7.5,25,0
59,2026-09-05T04:42:56.865286+00:00,172138093000000,172138140000000,3.672000000,online_inference,0,0,2088,2088,0.099708751213,0.099708751213,76,7.6,27,0,2639,2637,0.878970991458,0.875903029883,75,7.5,26,1,2606,2607,0.840621471761,0.842155452549,76,7.6,27,0,2726,2726,0.997087512126,0.997087512126,75,7.5,26,0,2076,2076,0.015339807879,0.015339807879,76,7.6,25,0
60,2026-09-05T04:42:56.926357+00:00,172138156000000,172138203000000,3.735000000,online_inference,0,0,2088,2088,0.099708751213,0.099708751213,76,7.6,27,0,2639,2637,0.878970991458,0.875903029883,75,7.5,26,0,2606,2607,0.840621471761,0.842155452549,76,7.6,27,0,2726,2726,0.997087512126,0.997087512126,75,7.5,26,0,2076,2076,0.015339807879,0.015339807879,76,7.6,25,0
61,2026-09-05T04:42:56.977788+00:00,172138218000000,172138250000000,3.782000000,online_inference,0,0,2088,2088,0.099708751213,0.099708751213,76,7.6,27,0,2639,2637,0.878970991458,0.875903029883,75,7.5,26,1,2606,2607,0.840621471761,0.842155452549,76,7.6,27,0,2726,2726,0.997087512126,0.997087512126,75,7.5,26,0,2076,2076,0.015339807879,0.015339807879,76,7.6,25,0
62,2026-09-05T04:42:57.029841+00:00,172138265000000,172138312000000,3.844000000,online_inference,0,0,2088,2088,0.099708751213,0.099708751213,76,7.6,27,0,2639,2637,0.878970991458,0.875903029883,75,7.5,26,1,2606,2607,0.840621471761,0.842155452549,76,7.6,27,0,2726,2726,0.997087512126,0.997087512126,75,7.5,26,0,2076,2076,0.015339807879,0.015339807879,76,7.6,25,0
63,2026-09-05T04:42:57.101761+00:00,172138328000000,172138375000000,3.907000000,online_archive,0,0,2088,2088,0.099708751213,0.099708751213,76,7.6,27,0,2639,2637,0.878970991458,0.875903029883,75,7.5,26,1,2606,2607,0.840621471761,0.842155452549,76,7.6,27,0,2726,2726,0.997087512126,0.997087512126,75,7.5,26,0,2076,2076,0.015339807879,0.015339807879,75,7.5,25,0
64,2026-09-05T04:42:57.148917+00:00,172138390000000,172138421000000,3.953000000,online_archive,0,0,2088,2088,0.099708751213,0.099708751213,76,7.6,27,0,2639,2637,0.878970991458,0.875903029883,75,7.5,26,0,2606,2607,0.840621471761,0.842155452549,76,7.6,27,0,2726,2726,0.997087512126,0.997087512126,75,7.5,26,0,2076,2076,0.015339807879,0.015339807879,75,7.5,26,0
65,2026-09-05T04:42:57.224433+00:00,172138453000000,172138500000000,4.032000000,fixed_trajectory,0,0,2088,2088,0.099708751213,0.099708751213,76,7.6,27,0,2639,2637,0.878970991458,0.875903029883,75,7.5,26,1,2606,2607,0.840621471761,0.842155452549,76,7.6,27,0,2726,2726,0.997087512126,0.997087512126,75,7.5,26,0,2076,2076,0.015339807879,0.015339807879,75,7.5,25,0
66,2026-09-05T04:42:57.269173+00:00,172138515000000,172138546000000,4.078000000,fixed_trajectory,0,0,2088,2088,0.099708751213,0.099708751213,76,7.6,27,0,2639,2638,0.878970991458,0.877437010671,75,7.5,26,0,2606,2607,0.840621471761,0.842155452549,76,7.6,27,0,2726,2725,0.997087512126,0.995553531338,75,7.5,26,0,2076,2076,0.015339807879,0.015339807879,75,7.5,25,0
67,2026-09-05T04:42:57.334092+00:00,172138562000000,172138609000000,4.141000000,fixed_trajectory,0,0,2088,2088,0.099708751213,0.099708751213,76,7.6,27,0,2639,2638,0.878970991458,0.877437010671,75,7.5,26,0,2606,2606,0.840621471761,0.840621471761,76,7.6,27,0,2726,2724,0.997087512126,0.994019550550,75,7.5,26,1,2076,2075,0.015339807879,0.013805827091,76,7.6,25,0
68,2026-09-05T04:42:57.388902+00:00,172138625000000,172138656000000,4.188000000,fixed_trajectory,0,0,2088,2088,0.099708751213,0.099708751213,76,7.6,27,0,2639,2639,0.878970991458,0.878970991458,75,7.5,26,0,2606,2606,0.840621471761,0.840621471761,76,7.6,27,0,2726,2723,0.997087512126,0.992485569762,75,7.5,26,0,2076,2075,0.015339807879,0.013805827091,76,7.6,25,0
69,2026-09-05T04:42:57.436667+00:00,172138671000000,172138718000000,4.250000000,fixed_trajectory,0,0,2088,2088,0.099708751213,0.099708751213,76,7.6,27,0,2639,2639,0.878970991458,0.878970991458,75,7.5,26,0,2606,2605,0.840621471761,0.839087490973,76,7.6,27,0,2726,2722,0.997087512126,0.990951588974,75,7.5,27,1,2076,2074,0.015339807879,0.012271846303,75,7.5,25,0
70,2026-09-05T04:42:57.509338+00:00,172138734000000,172138781000000,4.313000000,fixed_trajectory,0,0,2088,2088,0.099708751213,0.099708751213,76,7.6,27,0,2639,2640,0.878970991458,0.880504972246,75,7.5,26,0,2606,2605,0.840621471761,0.839087490973,76,7.6,27,0,2726,2721,0.997087512126,0.989417608186,75,7.5,26,1,2076,2074,0.015339807879,0.012271846303,76,7.6,25,1
71,2026-09-05T04:42:57.566507+00:00,172138796000000,172138843000000,4.375000000,fixed_trajectory,0,0,2088,2088,0.099708751213,0.099708751213,76,7.6,27,0,2639,2640,0.878970991458,0.880504972246,75,7.5,26,0,2607,2604,0.842155452549,0.837553510186,76,7.6,27,1,2723,2720,0.992485569762,0.987883627398,75,7.5,26,1,2076,2073,0.015339807879,0.010737865515,75,7.5,25,1
72,2026-09-05T04:42:57.629200+00:00,172138859000000,172138906000000,4.438000000,fixed_trajectory,0,0,2088,2088,0.099708751213,0.099708751213,76,7.6,27,0,2639,2641,0.878970991458,0.882038953034,75,7.5,26,0,2607,2604,0.842155452549,0.837553510186,76,7.6,27,0,2721,2719,0.989417608186,0.986349646610,75,7.5,26,1,2076,2073,0.015339807879,0.010737865515,75,7.5,25,1
73,2026-09-05T04:42:57.696959+00:00,172138921000000,172138968000000,4.500000000,fixed_trajectory,0,0,2088,2088,0.099708751213,0.099708751213,76,7.6,27,0,2639,2642,0.878970991458,0.883572933822,75,7.5,26,1,2607,2603,0.842155452549,0.836019529398,76,7.6,27,1,2721,2718,0.989417608186,0.984815665823,75,7.5,26,0,2076,2072,0.015339807879,0.009203884727,75,7.5,25,1
74,2026-09-05T04:42:57.751775+00:00,172138984000000,172139031000000,4.563000000,fixed_trajectory,0,0,2088,2088,0.099708751213,0.099708751213,76,7.6,27,0,2639,2642,0.878970991458,0.883572933822,75,7.5,26,1,2607,2603,0.842155452549,0.836019529398,76,7.6,27,0,2721,2717,0.989417608186,0.983281685035,75,7.5,26,0,2076,2072,0.015339807879,0.009203884727,75,7.5,26,1
75,2026-09-05T04:42:57.816608+00:00,172139046000000,172139093000000,4.625000000,fixed_trajectory,0,0,2088,2088,0.099708751213,0.099708751213,76,7.6,27,0,2639,2643,0.878970991458,0.885106914610,75,7.5,26,0,2607,2602,0.842155452549,0.834485548610,76,7.6,27,1,2721,2716,0.989417608186,0.981747704247,75,7.5,26,1,2076,2071,0.015339807879,0.007669903939,76,7.6,25,0
76,2026-09-05T04:42:57.881271+00:00,172139109000000,172139156000000,4.688000000,fixed_trajectory,0,0,2088,2088,0.099708751213,0.099708751213,76,7.6,27,0,2639,2643,0.878970991458,0.885106914610,75,7.5,26,1,2607,2602,0.842155452549,0.834485548610,76,7.6,27,0,2721,2715,0.989417608186,0.980213723459,75,7.5,26,0,2076,2071,0.015339807879,0.007669903939,76,7.6,25,0
77,2026-09-05T04:42:57.955447+00:00,172139171000000,172139234000000,4.766000000,fixed_trajectory,0,0,2088,2088,0.099708751213,0.099708751213,76,7.6,27,0,2639,2644,0.878970991458,0.886640895398,75,7.5,26,1,2607,2601,0.842155452549,0.832951567822,76,7.6,27,1,2721,2714,0.989417608186,0.978679742671,75,7.5,26,0,2076,2071,0.015339807879,0.007669903939,76,7.6,25,1
78,2026-09-05T04:42:58.011108+00:00,172139250000000,172139281000000,4.813000000,fixed_trajectory,0,0,2088,2088,0.099708751213,0.099708751213,76,7.6,27,0,2639,2645,0.878970991458,0.888174876186,75,7.5,26,1,2607,2601,0.842155452549,0.832951567822,76,7.6,27,1,2718,2713,0.984815665823,0.977145761883,75,7.5,26,0,2075,2070,0.013805827091,0.006135923152,75,7.5,25,1
79,2026-09-05T04:42:58.068096+00:00,172139296000000,172139343000000,4.875000000,fixed_trajectory,0,0,2088,2088,0.099708751213,0.099708751213,76,7.6,27,0,2639,2645,0.878970991458,0.888174876186,75,7.5,26,1,2608,2600,0.843689433337,0.831417587034,76,7.6,27,1,2716,2712,0.981747704247,0.975611781095,75,7.5,26,0,2074,2070,0.012271846303,0.006135923152,75,7.5,26,1
80,2026-09-05T04:42:58.123626+00:00,172139359000000,172139406000000,4.938000000,fixed_trajectory,0,0,2088,2088,0.099708751213,0.099708751213,76,7.6,27,0,2639,2646,0.878970991458,0.889708856974,75,7.5,26,1,2608,2600,0.843689433337,0.831417587034,76,7.6,27,1,2715,2711,0.980213723459,0.974077800307,75,7.5,26,1,2071,2069,0.007669903939,0.004601942364,75,7.5,25,1
81,2026-09-05T04:42:58.177121+00:00,172139421000000,172139453000000,4.985000000,fixed_trajectory,0,0,2088,2088,0.099708751213,0.099708751213,76,7.6,27,0,2639,2646,0.878970991458,0.889708856974,75,7.5,26,1,2608,2599,0.843689433337,0.829883606246,76,7.6,27,1,2714,2710,0.978679742671,0.972543819519,75,7.5,26,0,2071,2069,0.007669903939,0.004601942364,75,7.5,25,1
82,2026-09-05T04:42:58.219996+00:00,172139468000000,172139500000000,5.032000000,fixed_trajectory,0,0,2088,2088,0.099708751213,0.099708751213,76,7.6,27,0,2639,2647,0.878970991458,0.891242837762,75,7.5,26,2,2607,2599,0.842155452549,0.829883606246,76,7.6,27,1,2714,2709,0.978679742671,0.971009838732,75,7.5,26,1,2071,2068,0.007669903939,0.003067961576,75,7.5,25,1
83,2026-09-05T04:42:58.272101+00:00,172139515000000,172139546000000,5.078000000,fixed_trajectory,0,0,2088,2088,0.099708751213,0.099708751213,76,7.6,27,0,2639,2647,0.878970991458,0.891242837762,75,7.5,26,2,2604,2598,0.837553510186,0.828349625458,76,7.6,27,0,2714,2708,0.978679742671,0.969475857944,75,7.5,26,1,2071,2068,0.007669903939,0.003067961576,76,7.6,25,0
84,2026-09-05T04:42:58.319367+00:00,172139562000000,172139593000000,5.125000000,fixed_trajectory,0,0,2088,2088,0.099708751213,0.099708751213,76,7.6,27,0,2640,2648,0.880504972246,0.892776818549,75,7.5,26,0,2604,2598,0.837553510186,0.828349625458,76,7.6,27,1,2714,2707,0.978679742671,0.967941877156,75,7.5,26,1,2071,2067,0.007669903939,0.001533980788,75,7.5,25,1
85,2026-09-05T04:42:58.365242+00:00,172139609000000,172139640000000,5.172000000,fixed_trajectory,0,0,2088,2088,0.099708751213,0.099708751213,76,7.6,27,0,2641,2649,0.882038953034,0.894310799337,75,7.5,26,1,2604,2598,0.837553510186,0.828349625458,76,7.6,27,1,2714,2706,0.978679742671,0.966407896368,75,7.5,26,2,2071,2067,0.007669903939,0.001533980788,75,7.5,25,0
86,2026-09-05T04:42:58.436432+00:00,172139671000000,172139718000000,5.250000000,fixed_trajectory,0,0,2088,2088,0.099708751213,0.099708751213,76,7.6,27,0,2643,2649,0.885106914610,0.894310799337,75,7.5,26,1,2603,2597,0.836019529398,0.826815644670,76,7.6,27,0,2714,2705,0.978679742671,0.964873915580,75,7.5,26,2,2071,2066,0.007669903939,0.000000000000,75,7.5,26,1
87,2026-09-05T04:42:58.485954+00:00,172139734000000,172139765000000,5.297000000,fixed_trajectory,0,0,2088,2088,0.099708751213,0.099708751213,76,7.6,27,0,2643,2650,0.885106914610,0.895844780125,75,7.5,26,1,2600,2597,0.831417587034,0.826815644670,76,7.6,27,0,2714,2704,0.978679742671,0.963339934792,75,7.5,26,1,2071,2066,0.007669903939,0.000000000000,75,7.5,26,1
88,2026-09-05T04:42:58.551086+00:00,172139781000000,172139828000000,5.360000000,fixed_trajectory,0,0,2088,2088,0.099708751213,0.099708751213,76,7.6,27,0,2643,2650,0.885106914610,0.895844780125,75,7.5,26,1,2600,2596,0.831417587034,0.825281663882,76,7.6,27,0,2714,2703,0.978679742671,0.961805954004,75,7.5,26,1,2071,2066,0.007669903939,0.000000000000,75,7.5,26,0
89,2026-09-05T04:42:58.594404+00:00,172139843000000,172139875000000,5.407000000,fixed_trajectory,0,0,2088,2088,0.099708751213,0.099708751213,76,7.6,27,0,2643,2651,0.885106914610,0.897378760913,75,7.5,26,1,2600,2596,0.831417587034,0.825281663882,75,7.5,27,1,2713,2702,0.977145761883,0.960271973216,75,7.5,26,2,2071,2065,0.007669903939,-0.001533980788,75,7.5,25,1
90,2026-09-05T04:42:58.774165+00:00,172140015000000,172140046000000,5.578000000,fixed_trajectory,0,0,2088,2088,0.099708751213,0.099708751213,76,7.6,27,0,2643,2652,0.885106914610,0.898912741701,75,7.5,26,1,2600,2595,0.831417587034,0.823747683095,76,7.6,27,1,2711,2701,0.974077800307,0.958737992429,75,7.5,26,2,2067,2065,0.001533980788,-0.001533980788,75,7.5,25,0
91,2026-09-05T04:42:58.821133+00:00,172140062000000,172140093000000,5.625000000,fixed_trajectory,0,0,2088,2088,0.099708751213,0.099708751213,76,7.6,27,0,2643,2652,0.885106914610,0.898912741701,75,7.5,26,1,2600,2595,0.831417587034,0.823747683095,75,7.5,27,1,2711,2700,0.974077800307,0.957204011641,75,7.5,26,1,2067,2064,0.001533980788,-0.003067961576,75,7.5,25,1
92,2026-09-05T04:42:58.859297+00:00,172140109000000,172140140000000,5.672000000,fixed_trajectory,0,0,2088,2088,0.099708751213,0.099708751213,76,7.6,27,0,2643,2653,0.885106914610,0.900446722489,75,7.5,26,1,2600,2594,0.831417587034,0.822213702307,76,7.6,27,1,2711,2699,0.974077800307,0.955670030853,75,7.5,26,2,2067,2064,0.001533980788,-0.003067961576,75,7.5,25,1
93,2026-09-05T04:42:58.912679+00:00,172140156000000,172140187000000,5.719000000,fixed_trajectory,0,0,2088,2088,0.099708751213,0.099708751213,76,7.6,27,0,2643,2653,0.885106914610,0.900446722489,75,7.5,26,1,2600,2594,0.831417587034,0.822213702307,76,7.6,27,1,2711,2698,0.974077800307,0.954136050065,75,7.5,29,2,2067,2063,0.001533980788,-0.004601942364,75,7.5,25,1
94,2026-09-05T04:42:58.957018+00:00,172140203000000,172140234000000,5.766000000,fixed_trajectory,0,0,2088,2088,0.099708751213,0.099708751213,76,7.6,27,0,2643,2654,0.885106914610,0.901980703277,75,7.5,26,1,2600,2593,0.831417587034,0.820679721519,76,7.6,27,1,2711,2697,0.974077800307,0.952602069277,75,7.5,26,2,2067,2063,0.001533980788,-0.004601942364,75,7.5,25,0
95,2026-09-05T04:42:59.007684+00:00,172140250000000,172140281000000,5.813000000,fixed_trajectory,0,0,2088,2088,0.099708751213,0.099708751213,76,7.6,27,0,2643,2654,0.885106914610,0.901980703277,75,7.5,26,1,2600,2593,0.831417587034,0.820679721519,76,7.6,27,1,2709,2696,0.971009838732,0.951068088489,75,7.5,26,1,2067,2062,0.001533980788,-0.006135923152,75,7.5,25,1
96,2026-09-05T04:42:59.059653+00:00,172140312000000,172140328000000,5.860000000,fixed_trajectory,0,0,2088,2088,0.099708751213,0.099708751213,76,7.6,27,0,2643,2655,0.885106914610,0.903514684065,75,7.5,26,2,2601,2592,0.832951567822,0.819145740731,75,7.5,27,1,2707,2695,0.967941877156,0.949534107701,75,7.5,26,2,2067,2062,0.001533980788,-0.006135923152,75,7.5,25,1
97,2026-09-05T04:42:59.111957+00:00,172140359000000,172140390000000,5.922000000,fixed_trajectory,0,0,2088,2088,0.099708751213,0.099708751213,76,7.6,27,0,2645,2656,0.888174876186,0.905048664853,75,7.5,26,1,2601,2592,0.832951567822,0.819145740731,76,7.6,27,1,2707,2694,0.967941877156,0.948000126913,75,7.5,26,2,2067,2061,0.001533980788,-0.007669903939,75,7.5,25,1
98,2026-09-05T04:42:59.159602+00:00,172140406000000,172140437000000,5.969000000,fixed_trajectory,0,0,2088,2088,0.099708751213,0.099708751213,76,7.6,27,0,2647,2656,0.891242837762,0.905048664853,75,7.5,26,1,2600,2591,0.831417587034,0.817611759943,76,7.6,27,1,2705,2693,0.964873915580,0.946466146125,75,7.5,26,2,2064,2061,-0.003067961576,-0.007669903939,75,7.5,26,1
99,2026-09-05T04:42:59.218148+00:00,172140453000000,172140500000000,6.032000000,fixed_trajectory,0,0,2088,2088,0.099708751213,0.099708751213,76,7.6,27,0,2648,2657,0.892776818549,0.906582645640,75,7.5,26,1,2597,2591,0.826815644670,0.817611759943,76,7.6,27,1,2704,2692,0.963339934792,0.944932165338,75,7.5,26,1,2063,2061,-0.004601942364,-0.007669903939,75,7.5,25,1
100,2026-09-05T04:42:59.402341+00:00,172140640000000,172140671000000,6.203000000,fixed_trajectory,0,0,2088,2088,0.099708751213,0.099708751213,76,7.6,27,0,2649,2657,0.894310799337,0.906582645640,75,7.5,26,2,2597,2590,0.826815644670,0.816077779155,76,7.6,27,2,2699,2691,0.955670030853,0.943398184550,75,7.5,26,1,2061,2060,-0.007669903939,-0.009203884727,75,7.5,25,0
101,2026-09-05T04:42:59.447692+00:00,172140687000000,172140718000000,6.250000000,fixed_trajectory,0,0,2088,2088,0.099708751213,0.099708751213,76,7.6,27,0,2649,2658,0.894310799337,0.908116626428,75,7.5,26,1,2597,2590,0.826815644670,0.816077779155,76,7.6,27,1,2699,2690,0.955670030853,0.941864203762,75,7.5,26,1,2061,2060,-0.007669903939,-0.009203884727,76,7.6,26,0
102,2026-09-05T04:42:59.484032+00:00,172140734000000,172140765000000,6.297000000,fixed_trajectory,0,0,2088,2088,0.099708751213,0.099708751213,76,7.6,27,0,2649,2659,0.894310799337,0.909650607216,75,7.5,26,2,2597,2590,0.826815644670,0.816077779155,76,7.6,27,1,2699,2689,0.955670030853,0.940330222974,75,7.5,26,2,2061,2059,-0.007669903939,-0.010737865515,75,7.5,25,1
103,2026-09-05T04:42:59.532952+00:00,172140781000000,172140812000000,6.344000000,fixed_trajectory,0,0,2088,2088,0.099708751213,0.099708751213,76,7.6,27,0,2649,2659,0.894310799337,0.909650607216,75,7.5,26,2,2597,2589,0.826815644670,0.814543798367,76,7.6,27,1,2697,2688,0.952602069277,0.938796242186,75,7.5,26,1,2061,2059,-0.007669903939,-0.010737865515,76,7.6,25,0
104,2026-09-05T04:42:59.592563+00:00,172140828000000,172140875000000,6.407000000,fixed_trajectory,0,0,2088,2088,0.099708751213,0.099708751213,76,7.6,27,0,2649,2660,0.894310799337,0.911184588004,75,7.5,26,2,2597,2589,0.826815644670,0.814543798367,76,7.6,27,2,2695,2687,0.949534107701,0.937262261398,75,7.5,26,0,2061,2058,-0.007669903939,-0.012271846303,75,7.5,25,0
105,2026-09-05T04:42:59.646094+00:00,172140890000000,172140921000000,6.453000000,fixed_trajectory,0,0,2088,2088,0.099708751213,0.099708751213,76,7.6,27,0,2651,2660,0.897378760913,0.911184588004,75,7.5,26,1,2597,2588,0.826815644670,0.813009817579,76,7.6,27,2,2695,2686,0.949534107701,0.935728280610,75,7.5,26,2,2061,2058,-0.007669903939,-0.012271846303,75,7.5,26,0
106,2026-09-05T04:42:59.687706+00:00,172140937000000,172140968000000,6.500000000,fixed_trajectory,0,0,2088,2088,0.099708751213,0.099708751213,76,7.6,27,0,2652,2661,0.898912741701,0.912718568792,75,7.5,26,1,2597,2588,0.826815644670,0.813009817579,76,7.6,27,2,2695,2685,0.949534107701,0.934194299822,74,7.4,26,2,2061,2057,-0.007669903939,-0.013805827091,75,7.5,25,1
107,2026-09-05T04:42:59.741337+00:00,172140984000000,172141015000000,6.547000000,fixed_trajectory,0,0,2088,2088,0.099708751213,0.099708751213,76,7.6,27,0,2652,2661,0.898912741701,0.912718568792,75,7.5,26,1,2595,2587,0.823747683095,0.811475836792,76,7.6,27,0,2695,2684,0.949534107701,0.932660319034,75,7.5,26,1,2061,2057,-0.007669903939,-0.013805827091,75,7.5,25,1
108,2026-09-05T04:42:59.785515+00:00,172141031000000,172141062000000,6.594000000,fixed_trajectory,0,0,2088,2088,0.099708751213,0.099708751213,76,7.6,27,0,2653,2662,0.900446722489,0.914252549580,75,7.5,26,1,2593,2587,0.820679721519,0.811475836792,76,7.6,27,1,2695,2683,0.949534107701,0.931126338247,75,7.5,26,1,2061,2056,-0.007669903939,-0.015339807879,75,7.5,25,1
109,2026-09-05T04:42:59.833780+00:00,172141078000000,172141109000000,6.641000000,fixed_trajectory,0,0,2088,2088,0.099708751213,0.099708751213,76,7.6,27,0,2653,2663,0.900446722489,0.915786530368,75,7.5,26,1,2593,2586,0.820679721519,0.809941856004,76,7.6,27,1,2693,2682,0.946466146125,0.929592357459,75,7.5,26,1,2061,2056,-0.007669903939,-0.015339807879,75,7.5,25,0
110,2026-09-05T04:43:00.020504+00:00,172141250000000,172141296000000,6.828000000,fixed_trajectory,0,0,2088,2088,0.099708751213,0.099708751213,76,7.6,27,0,2656,2663,0.905048664853,0.915786530368,75,7.5,26,1,2593,2586,0.820679721519,0.809941856004,76,7.6,27,1,2692,2681,0.944932165338,0.928058376671,75,7.5,26,2,2061,2056,-0.007669903939,-0.015339807879,75,7.5,25,1
111,2026-09-05T04:43:00.060814+00:00,172141312000000,172141328000000,6.860000000,fixed_trajectory,0,0,2088,2088,0.099708751213,0.099708751213,76,7.6,27,0,2656,2664,0.905048664853,0.917320511156,75,7.5,26,1,2593,2585,0.820679721519,0.808407875216,76,7.6,27,1,2692,2680,0.944932165338,0.926524395883,75,7.5,26,2,2061,2055,-0.007669903939,-0.016873788667,75,7.5,25,1
112,2026-09-05T04:43:00.115725+00:00,172141359000000,172141390000000,6.922000000,fixed_trajectory,0,0,2088,2088,0.099708751213,0.099708751213,76,7.6,27,0,2656,2664,0.905048664853,0.917320511156,75,7.5,26,1,2593,2585,0.820679721519,0.808407875216,76,7.6,27,1,2692,2679,0.944932165338,0.924990415095,75,7.5,26,2,2061,2055,-0.007669903939,-0.016873788667,75,7.5,26,1
113,2026-09-05T04:43:00.156250+00:00,172141406000000,172141437000000,6.969000000,fixed_trajectory,0,0,2088,2088,0.099708751213,0.099708751213,76,7.6,27,0,2656,2665,0.905048664853,0.918854491943,75,7.5,26,1,2593,2584,0.820679721519,0.806873894428,75,7.5,27,1,2690,2678,0.941864203762,0.923456434307,75,7.5,26,1,2061,2054,-0.007669903939,-0.018407769455,75,7.5,26,1
114,2026-09-05T04:43:00.220015+00:00,172141453000000,172141500000000,7.032000000,fixed_trajectory,0,0,2088,2088,0.099708751213,0.099708751213,76,7.6,27,0,2656,2666,0.905048664853,0.920388472731,75,7.5,26,2,2593,2584,0.820679721519,0.806873894428,76,7.6,27,2,2686,2677,0.935728280610,0.921922453519,75,7.5,26,1,2061,2054,-0.007669903939,-0.018407769455,75,7.5,25,1
115,2026-09-05T04:43:00.262377+00:00,172141515000000,172141531000000,7.063000000,fixed_trajectory,0,0,2088,2088,0.099708751213,0.099708751213,76,7.6,27,0,2656,2666,0.905048664853,0.920388472731,75,7.5,26,1,2593,2583,0.820679721519,0.805339913640,76,7.6,27,2,2685,2676,0.934194299822,0.920388472731,75,7.5,26,1,2061,2053,-0.007669903939,-0.019941750243,75,7.5,25,1
116,2026-09-05T04:43:00.323009+00:00,172141562000000,172141593000000,7.125000000,fixed_trajectory,0,0,2088,2088,0.099708751213,0.099708751213,76,7.6,27,0,2656,2667,0.905048664853,0.921922453519,75,7.5,26,2,2590,2583,0.816077779155,0.805339913640,76,7.6,27,0,2685,2675,0.934194299822,0.918854491943,75,7.5,26,2,2057,2053,-0.013805827091,-0.019941750243,75,7.5,25,1
117,2026-09-05T04:43:00.361725+00:00,172141609000000,172141640000000,7.172000000,fixed_trajectory,0,0,2088,2088,0.099708751213,0.099708751213,76,7.6,27,0,2657,2667,0.906582645640,0.921922453519,75,7.5,26,2,2589,2582,0.814543798367,0.803805932852,76,7.6,27,1,2685,2674,0.934194299822,0.917320511156,75,7.5,26,2,2055,2052,-0.016873788667,-0.021475731030,75,7.5,25,0
118,2026-09-05T04:43:00.413265+00:00,172141656000000,172141687000000,7.219000000,fixed_trajectory,0,0,2088,2088,0.099708751213,0.099708751213,76,7.6,27,0,2658,2668,0.908116626428,0.923456434307,75,7.5,26,1,2587,2582,0.811475836792,0.803805932852,76,7.6,27,1,2685,2673,0.934194299822,0.915786530368,75,7.5,26,2,2054,2052,-0.018407769455,-0.021475731030,75,7.5,26,1
119,2026-09-05T04:43:00.459885+00:00,172141703000000,172141734000000,7.266000000,fixed_trajectory,0,0,2088,2088,0.099708751213,0.099708751213,76,7.6,27,0,2661,2668,0.912718568792,0.923456434307,75,7.5,26,1,2587,2581,0.811475836792,0.802271952064,76,7.6,27,1,2685,2672,0.934194299822,0.914252549580,75,7.5,26,2,2053,2051,-0.019941750243,-0.023009711818,75,7.5,25,1
120,2026-09-05T04:43:00.629943+00:00,172141875000000,172141906000000,7.438000000,online_observation,0,0,2088,2088,0.099708751213,0.099708751213,76,7.6,27,0,2662,2669,0.914252549580,0.924990415095,75,7.5,26,1,2587,2581,0.811475836792,0.802271952064,76,7.6,27,1,2678,2671,0.923456434307,0.912718568792,75,7.5,26,2,2053,2051,-0.019941750243,-0.023009711818,76,7.6,25,1
121,2026-09-05T04:43:00.677508+00:00,172141921000000,172141953000000,7.485000000,online_observation,0,0,2088,2088,0.099708751213,0.099708751213,76,7.6,27,0,2662,2669,0.914252549580,0.924990415095,75,7.5,26,1,2587,2581,0.811475836792,0.802271952064,76,7.6,27,1,2678,2671,0.923456434307,0.912718568792,75,7.5,26,1,2053,2051,-0.019941750243,-0.023009711818,75,7.5,26,0
122,2026-09-05T04:43:00.720703+00:00,172141968000000,172142000000000,7.532000000,online_observation,0,0,2088,2088,0.099708751213,0.099708751213,76,7.6,27,0,2662,2669,0.914252549580,0.924990415095,75,7.5,26,1,2587,2581,0.811475836792,0.802271952064,76,7.6,27,0,2678,2671,0.923456434307,0.912718568792,75,7.5,26,1,2053,2051,-0.019941750243,-0.023009711818,76,7.6,26,0
123,2026-09-05T04:43:00.777848+00:00,172142015000000,172142046000000,7.578000000,online_observation,0,0,2088,2088,0.099708751213,0.099708751213,76,7.6,27,0,2662,2669,0.914252549580,0.924990415095,75,7.5,26,1,2587,2581,0.811475836792,0.802271952064,76,7.6,27,1,2678,2671,0.923456434307,0.912718568792,75,7.5,26,1,2053,2051,-0.019941750243,-0.023009711818,76,7.6,25,1
124,2026-09-05T04:43:00.821210+00:00,172142062000000,172142093000000,7.625000000,online_observation,0,0,2088,2088,0.099708751213,0.099708751213,76,7.6,27,0,2662,2669,0.914252549580,0.924990415095,75,7.5,26,1,2587,2581,0.811475836792,0.802271952064,76,7.6,27,1,2678,2671,0.923456434307,0.912718568792,75,7.5,26,1,2053,2051,-0.019941750243,-0.023009711818,75,7.5,25,0
125,2026-09-05T04:43:00.866303+00:00,172142109000000,172142140000000,7.672000000,online_observation,0,0,2088,2088,0.099708751213,0.099708751213,76,7.6,27,0,2662,2669,0.914252549580,0.924990415095,75,7.5,26,1,2587,2581,0.811475836792,0.802271952064,76,7.6,27,1,2678,2671,0.923456434307,0.912718568792,75,7.5,26,1,2053,2051,-0.019941750243,-0.023009711818,75,7.5,26,0
126,2026-09-05T04:43:00.918594+00:00,172142171000000,172142187000000,7.719000000,online_observation,0,0,2088,2088,0.099708751213,0.099708751213,76,7.6,27,1,2662,2669,0.914252549580,0.924990415095,75,7.5,26,1,2587,2581,0.811475836792,0.802271952064,76,7.6,27,0,2678,2671,0.923456434307,0.912718568792,75,7.5,26,1,2053,2051,-0.019941750243,-0.023009711818,76,7.6,25,1
127,2026-09-05T04:43:00.974454+00:00,172142218000000,172142250000000,7.782000000,online_observation,0,0,2088,2088,0.099708751213,0.099708751213,76,7.6,27,0,2662,2669,0.914252549580,0.924990415095,75,7.5,26,1,2587,2581,0.811475836792,0.802271952064,76,7.6,27,1,2678,2671,0.923456434307,0.912718568792,75,7.5,26,1,2053,2051,-0.019941750243,-0.023009711818,76,7.6,25,1
128,2026-09-05T04:43:01.028964+00:00,172142265000000,172142296000000,7.828000000,online_inference,1,0,2088,2088,0.099708751213,0.099708751213,76,7.6,27,0,2662,2669,0.914252549580,0.924990415095,75,7.5,26,1,2587,2581,0.811475836792,0.802271952064,76,7.6,27,1,2678,2671,0.923456434307,0.912718568792,75,7.5,26,1,2053,2051,-0.019941750243,-0.023009711818,75,7.5,26,1
129,2026-09-05T04:43:01.082836+00:00,172142312000000,172142359000000,7.891000000,online_inference,1,0,2088,2088,0.099708751213,0.099708751213,76,7.6,27,0,2662,2669,0.914252549580,0.924990415095,75,7.5,26,1,2587,2581,0.811475836792,0.802271952064,76,7.6,27,1,2678,2671,0.923456434307,0.912718568792,75,7.5,26,1,2053,2051,-0.019941750243,-0.023009711818,75,7.5,25,1
130,2026-09-05T04:43:01.162441+00:00,172142390000000,172142437000000,7.969000000,online_inference,1,0,2088,2088,0.099708751213,0.099708751213,76,7.6,27,0,2662,2669,0.914252549580,0.924990415095,75,7.5,26,1,2587,2581,0.811475836792,0.802271952064,76,7.6,27,1,2678,2671,0.923456434307,0.912718568792,75,7.5,26,1,2053,2051,-0.019941750243,-0.023009711818,76,7.6,25,1
131,2026-09-05T04:43:01.227333+00:00,172142453000000,172142500000000,8.032000000,online_inference,1,0,2088,2088,0.099708751213,0.099708751213,76,7.6,27,0,2662,2669,0.914252549580,0.924990415095,75,7.5,26,1,2587,2581,0.811475836792,0.802271952064,76,7.6,27,1,2678,2671,0.923456434307,0.912718568792,75,7.5,26,1,2053,2051,-0.019941750243,-0.023009711818,76,7.6,25,0
132,2026-09-05T04:43:01.273005+00:00,172142515000000,172142546000000,8.078000000,online_inference,1,0,2088,2088,0.099708751213,0.099708751213,76,7.6,27,0,2662,2669,0.914252549580,0.924990415095,75,7.5,26,1,2587,2581,0.811475836792,0.802271952064,76,7.6,27,1,2678,2671,0.923456434307,0.912718568792,75,7.5,26,1,2053,2051,-0.019941750243,-0.023009711818,75,7.5,25,0
133,2026-09-05T04:43:01.319535+00:00,172142562000000,172142593000000,8.125000000,online_inference,1,0,2088,2088,0.099708751213,0.099708751213,76,7.6,27,0,2662,2669,0.914252549580,0.924990415095,75,7.5,26,1,2587,2581,0.811475836792,0.802271952064,76,7.6,27,1,2678,2671,0.923456434307,0.912718568792,75,7.5,26,1,2053,2051,-0.019941750243,-0.023009711818,75,7.5,25,0
134,2026-09-05T04:43:01.368048+00:00,172142609000000,172142640000000,8.172000000,online_inference,1,0,2088,2088,0.099708751213,0.099708751213,76,7.6,27,0,2662,2669,0.914252549580,0.924990415095,75,7.5,26,1,2587,2581,0.811475836792,0.802271952064,76,7.6,27,1,2678,2671,0.923456434307,0.912718568792,75,7.5,26,1,2053,2051,-0.019941750243,-0.023009711818,75,7.5,26,1
135,2026-09-05T04:43:01.418078+00:00,172142656000000,172142687000000,8.219000000,online_inference,1,0,2088,2088,0.099708751213,0.099708751213,76,7.6,27,0,2662,2669,0.914252549580,0.924990415095,75,7.5,26,1,2587,2581,0.811475836792,0.802271952064,76,7.6,27,1,2678,2671,0.923456434307,0.912718568792,75,7.5,26,1,2053,2051,-0.019941750243,-0.023009711818,75,7.5,25,0
136,2026-09-05T04:43:01.466601+00:00,172142703000000,172142734000000,8.266000000,online_inference,1,0,2088,2088,0.099708751213,0.099708751213,76,7.6,27,0,2662,2669,0.914252549580,0.924990415095,75,7.5,26,1,2587,2581,0.811475836792,0.802271952064,76,7.6,27,1,2678,2671,0.923456434307,0.912718568792,75,7.5,26,1,2053,2051,-0.019941750243,-0.023009711818,76,7.6,25,0
137,2026-09-05T04:43:01.524455+00:00,172142765000000,172142796000000,8.328000000,online_inference,1,0,2088,2088,0.099708751213,0.099708751213,76,7.6,27,0,2662,2669,0.914252549580,0.924990415095,75,7.5,26,1,2587,2581,0.811475836792,0.802271952064,76,7.6,27,1,2678,2671,0.923456434307,0.912718568792,75,7.5,26,1,2053,2051,-0.019941750243,-0.023009711818,75,7.5,25,0
138,2026-09-05T04:43:01.566992+00:00,172142812000000,172142843000000,8.375000000,online_inference,1,0,2088,2088,0.099708751213,0.099708751213,76,7.6,27,0,2662,2669,0.914252549580,0.924990415095,75,7.5,26,0,2587,2581,0.811475836792,0.802271952064,76,7.6,27,1,2678,2671,0.923456434307,0.912718568792,75,7.5,26,0,2053,2051,-0.019941750243,-0.023009711818,76,7.6,26,1
139,2026-09-05T04:43:01.626730+00:00,172142859000000,172142906000000,8.438000000,online_inference,1,0,2088,2088,0.099708751213,0.099708751213,76,7.6,27,0,2662,2669,0.914252549580,0.924990415095,75,7.5,26,1,2587,2581,0.811475836792,0.802271952064,76,7.6,27,1,2678,2671,0.923456434307,0.912718568792,75,7.5,26,1,2053,2051,-0.019941750243,-0.023009711818,76,7.6,26,1
140,2026-09-05T04:43:01.678815+00:00,172142921000000,172142953000000,8.485000000,online_inference,1,0,2088,2088,0.099708751213,0.099708751213,76,7.6,27,0,2662,2669,0.914252549580,0.924990415095,75,7.5,26,1,2587,2581,0.811475836792,0.802271952064,76,7.6,27,1,2678,2671,0.923456434307,0.912718568792,75,7.5,26,1,2053,2051,-0.019941750243,-0.023009711818,75,7.5,26,0
141,2026-09-05T04:43:01.729684+00:00,172142968000000,172143000000000,8.532000000,online_inference,1,0,2088,2088,0.099708751213,0.099708751213,76,7.6,27,0,2662,2669,0.914252549580,0.924990415095,75,7.5,26,1,2587,2581,0.811475836792,0.802271952064,76,7.6,27,1,2678,2671,0.923456434307,0.912718568792,75,7.5,26,1,2053,2051,-0.019941750243,-0.023009711818,76,7.6,25,1
142,2026-09-05T04:43:01.773652+00:00,172143015000000,172143046000000,8.578000000,online_inference,1,0,2088,2088,0.099708751213,0.099708751213,76,7.6,27,0,2662,2669,0.914252549580,0.924990415095,75,7.5,26,1,2587,2581,0.811475836792,0.802271952064,76,7.6,27,1,2678,2671,0.923456434307,0.912718568792,75,7.5,26,1,2053,2051,-0.019941750243,-0.023009711818,75,7.5,25,1
143,2026-09-05T04:43:01.823198+00:00,172143062000000,172143093000000,8.625000000,online_inference,1,0,2088,2088,0.099708751213,0.099708751213,76,7.6,27,0,2662,2669,0.914252549580,0.924990415095,75,7.5,26,1,2587,2581,0.811475836792,0.802271952064,76,7.6,27,1,2678,2671,0.923456434307,0.912718568792,75,7.5,26,2,2053,2051,-0.019941750243,-0.023009711818,75,7.5,25,0
144,2026-09-05T04:43:01.867451+00:00,172143109000000,172143140000000,8.672000000,online_inference,1,0,2088,2088,0.099708751213,0.099708751213,76,7.6,27,0,2662,2669,0.914252549580,0.924990415095,75,7.5,26,1,2587,2581,0.811475836792,0.802271952064,76,7.6,27,1,2678,2671,0.923456434307,0.912718568792,75,7.5,26,1,2053,2051,-0.019941750243,-0.023009711818,75,7.5,25,1
145,2026-09-05T04:43:01.927392+00:00,172143171000000,172143203000000,8.735000000,online_inference,1,0,2088,2088,0.099708751213,0.099708751213,76,7.6,27,0,2662,2669,0.914252549580,0.924990415095,75,7.5,26,1,2587,2581,0.811475836792,0.802271952064,76,7.6,27,0,2678,2671,0.923456434307,0.912718568792,75,7.5,26,1,2053,2051,-0.019941750243,-0.023009711818,75,7.5,25,1
146,2026-09-05T04:43:01.970999+00:00,172143218000000,172143250000000,8.782000000,online_inference,1,0,2088,2088,0.099708751213,0.099708751213,76,7.6,27,0,2662,2669,0.914252549580,0.924990415095,75,7.5,26,1,2587,2581,0.811475836792,0.802271952064,76,7.6,27,1,2678,2671,0.923456434307,0.912718568792,75,7.5,26,1,2053,2051,-0.019941750243,-0.023009711818,75,7.5,25,1
147,2026-09-05T04:43:02.028837+00:00,172143265000000,172143296000000,8.828000000,online_inference,1,0,2088,2088,0.099708751213,0.099708751213,76,7.6,27,0,2662,2669,0.914252549580,0.924990415095,75,7.5,26,1,2587,2581,0.811475836792,0.802271952064,76,7.6,27,1,2678,2671,0.923456434307,0.912718568792,75,7.5,26,1,2053,2051,-0.019941750243,-0.023009711818,75,7.5,25,1
148,2026-09-05T04:43:02.080064+00:00,172143312000000,172143359000000,8.891000000,online_inference,1,0,2088,2088,0.099708751213,0.099708751213,76,7.6,27,0,2662,2669,0.914252549580,0.924990415095,75,7.5,26,1,2587,2581,0.811475836792,0.802271952064,76,7.6,27,1,2678,2671,0.923456434307,0.912718568792,75,7.5,26,1,2053,2051,-0.019941750243,-0.023009711818,76,7.6,25,0
149,2026-09-05T04:43:02.132531+00:00,172143375000000,172143406000000,8.938000000,online_inference,1,0,2088,2088,0.099708751213,0.099708751213,76,7.6,27,0,2662,2669,0.914252549580,0.924990415095,75,7.5,26,1,2587,2581,0.811475836792,0.802271952064,76,7.6,27,1,2678,2671,0.923456434307,0.912718568792,75,7.5,26,1,2053,2051,-0.019941750243,-0.023009711818,75,7.5,25,1
150,2026-09-05T04:43:02.195902+00:00,172143421000000,172143468000000,9.000000000,online_inference,1,0,2088,2088,0.099708751213,0.099708751213,76,7.6,27,0,2662,2669,0.914252549580,0.924990415095,75,7.5,26,1,2587,2581,0.811475836792,0.802271952064,76,7.6,27,1,2678,2671,0.923456434307,0.912718568792,75,7.5,26,1,2053,2051,-0.019941750243,-0.023009711818,75,7.5,25,1
151,2026-09-05T04:43:02.246064+00:00,172143484000000,172143515000000,9.047000000,online_inference,1,0,2088,2088,0.099708751213,0.099708751213,76,7.6,27,0,2662,2669,0.914252549580,0.924990415095,75,7.5,26,1,2587,2581,0.811475836792,0.802271952064,76,7.6,27,1,2678,2671,0.923456434307,0.912718568792,75,7.5,26,1,2053,2051,-0.019941750243,-0.023009711818,76,7.6,25,1
152,2026-09-05T04:43:02.297927+00:00,172143531000000,172143578000000,9.110000000,online_inference,1,0,2088,2088,0.099708751213,0.099708751213,76,7.6,27,0,2662,2669,0.914252549580,0.924990415095,75,7.5,26,1,2587,2581,0.811475836792,0.802271952064,76,7.6,27,1,2678,2671,0.923456434307,0.912718568792,75,7.5,26,1,2053,2051,-0.019941750243,-0.023009711818,75,7.5,25,0
153,2026-09-05T04:43:02.355399+00:00,172143593000000,172143625000000,9.157000000,online_inference,1,0,2088,2088,0.099708751213,0.099708751213,76,7.6,27,0,2662,2669,0.914252549580,0.924990415095,75,7.5,26,1,2587,2581,0.811475836792,0.802271952064,75,7.5,27,1,2678,2671,0.923456434307,0.912718568792,75,7.5,26,1,2053,2051,-0.019941750243,-0.023009711818,75,7.5,25,0
154,2026-09-05T04:43:02.396070+00:00,172143640000000,172143671000000,9.203000000,online_inference,1,0,2088,2088,0.099708751213,0.099708751213,76,7.6,27,0,2662,2669,0.914252549580,0.924990415095,75,7.5,26,1,2587,2581,0.811475836792,0.802271952064,76,7.6,27,1,2678,2671,0.923456434307,0.912718568792,75,7.5,26,2,2053,2051,-0.019941750243,-0.023009711818,75,7.5,25,0
155,2026-09-05T04:43:02.449430+00:00,172143687000000,172143718000000,9.250000000,online_inference,1,0,2088,2088,0.099708751213,0.099708751213,76,7.6,27,0,2662,2669,0.914252549580,0.924990415095,75,7.5,26,1,2587,2581,0.811475836792,0.802271952064,76,7.6,27,1,2678,2671,0.923456434307,0.912718568792,75,7.5,26,1,2053,2051,-0.019941750243,-0.023009711818,75,7.5,25,1
156,2026-09-05T04:43:02.501609+00:00,172143734000000,172143781000000,9.313000000,online_inference,1,0,2088,2088,0.099708751213,0.099708751213,76,7.6,27,0,2662,2669,0.914252549580,0.924990415095,75,7.5,26,1,2587,2581,0.811475836792,0.802271952064,76,7.6,27,1,2678,2671,0.923456434307,0.912718568792,75,7.5,26,1,2053,2051,-0.019941750243,-0.023009711818,75,7.5,25,1
157,2026-09-05T04:43:02.554501+00:00,172143796000000,172143828000000,9.360000000,online_inference,1,0,2088,2088,0.099708751213,0.099708751213,76,7.6,27,0,2662,2669,0.914252549580,0.924990415095,75,7.5,26,1,2587,2581,0.811475836792,0.802271952064,76,7.6,27,1,2678,2671,0.923456434307,0.912718568792,75,7.5,26,1,2053,2051,-0.019941750243,-0.023009711818,75,7.5,25,0
158,2026-09-05T04:43:02.600279+00:00,172143843000000,172143875000000,9.407000000,online_inference,1,0,2088,2088,0.099708751213,0.099708751213,76,7.6,27,0,2662,2669,0.914252549580,0.924990415095,75,7.5,26,1,2587,2581,0.811475836792,0.802271952064,76,7.6,27,1,2678,2671,0.923456434307,0.912718568792,75,7.5,26,1,2053,2051,-0.019941750243,-0.023009711818,76,7.6,25,0
159,2026-09-05T04:43:02.648084+00:00,172143890000000,172143921000000,9.453000000,online_inference,1,0,2088,2088,0.099708751213,0.099708751213,76,7.6,27,0,2662,2669,0.914252549580,0.924990415095,75,7.5,26,1,2587,2581,0.811475836792,0.802271952064,76,7.6,27,1,2678,2671,0.923456434307,0.912718568792,75,7.5,26,1,2053,2051,-0.019941750243,-0.023009711818,75,7.5,25,0
160,2026-09-05T04:43:02.701720+00:00,172143937000000,172143984000000,9.516000000,online_inference,1,0,2088,2088,0.099708751213,0.099708751213,76,7.6,27,0,2662,2669,0.914252549580,0.924990415095,75,7.5,26,1,2587,2581,0.811475836792,0.802271952064,76,7.6,27,1,2678,2671,0.923456434307,0.912718568792,75,7.5,26,1,2053,2051,-0.019941750243,-0.023009711818,75,7.5,25,1
161,2026-09-05T04:43:02.756539+00:00,172144000000000,172144031000000,9.563000000,online_inference,1,0,2088,2088,0.099708751213,0.099708751213,76,7.6,27,0,2662,2669,0.914252549580,0.924990415095,75,7.5,26,1,2587,2581,0.811475836792,0.802271952064,76,7.6,27,1,2678,2671,0.923456434307,0.912718568792,75,7.5,26,1,2053,2051,-0.019941750243,-0.023009711818,76,7.6,25,0
162,2026-09-05T04:43:02.804587+00:00,172144046000000,172144078000000,9.610000000,online_inference,1,0,2088,2088,0.099708751213,0.099708751213,76,7.6,27,0,2662,2669,0.914252549580,0.924990415095,75,7.5,26,1,2587,2581,0.811475836792,0.802271952064,76,7.6,27,1,2678,2671,0.923456434307,0.912718568792,75,7.5,26,1,2053,2051,-0.019941750243,-0.023009711818,75,7.5,25,0
163,2026-09-05T04:43:02.853219+00:00,172144093000000,172144125000000,9.657000000,online_inference,1,0,2088,2088,0.099708751213,0.099708751213,76,7.6,27,0,2662,2669,0.914252549580,0.924990415095,75,7.5,26,1,2587,2581,0.811475836792,0.802271952064,76,7.6,27,1,2678,2671,0.923456434307,0.912718568792,75,7.5,26,2,2053,2051,-0.019941750243,-0.023009711818,75,7.5,25,1
164,2026-09-05T04:43:02.901247+00:00,172144140000000,172144171000000,9.703000000,online_inference,1,0,2088,2088,0.099708751213,0.099708751213,76,7.6,27,0,2662,2669,0.914252549580,0.924990415095,75,7.5,26,1,2587,2581,0.811475836792,0.802271952064,76,7.6,27,1,2678,2671,0.923456434307,0.912718568792,75,7.5,26,1,2053,2051,-0.019941750243,-0.023009711818,75,7.5,25,1
165,2026-09-05T04:43:02.953015+00:00,172144187000000,172144234000000,9.766000000,online_inference,1,0,2088,2088,0.099708751213,0.099708751213,76,7.6,27,0,2662,2669,0.914252549580,0.924990415095,75,7.5,26,1,2587,2581,0.811475836792,0.802271952064,76,7.6,27,1,2678,2671,0.923456434307,0.912718568792,75,7.5,26,1,2053,2051,-0.019941750243,-0.023009711818,76,7.6,25,1
166,2026-09-05T04:43:03.010099+00:00,172144250000000,172144281000000,9.813000000,online_inference,1,0,2089,2088,0.101242732000,0.099708751213,76,7.6,27,0,2662,2669,0.914252549580,0.924990415095,75,7.5,26,1,2587,2581,0.811475836792,0.802271952064,75,7.5,27,1,2678,2671,0.923456434307,0.912718568792,75,7.5,26,1,2053,2051,-0.019941750243,-0.023009711818,75,7.5,26,1
167,2026-09-05T04:43:03.053789+00:00,172144296000000,172144328000000,9.860000000,online_inference,1,0,2089,2088,0.101242732000,0.099708751213,76,7.6,27,0,2662,2669,0.914252549580,0.924990415095,75,7.5,26,1,2587,2581,0.811475836792,0.802271952064,76,7.6,27,1,2678,2671,0.923456434307,0.912718568792,75,7.5,26,1,2053,2051,-0.019941750243,-0.023009711818,75,7.5,25,0
168,2026-09-05T04:43:03.096669+00:00,172144343000000,172144375000000,9.907000000,online_inference,1,0,2089,2088,0.101242732000,0.099708751213,76,7.6,27,0,2662,2669,0.914252549580,0.924990415095,75,7.5,26,1,2587,2581,0.811475836792,0.802271952064,76,7.6,27,0,2678,2671,0.923456434307,0.912718568792,75,7.5,26,1,2053,2051,-0.019941750243,-0.023009711818,75,7.5,26,1
169,2026-09-05T04:43:03.144183+00:00,172144390000000,172144421000000,9.953000000,online_inference,1,0,2089,2088,0.101242732000,0.099708751213,76,7.6,27,0,2662,2669,0.914252549580,0.924990415095,75,7.5,26,1,2587,2581,0.811475836792,0.802271952064,76,7.6,27,1,2678,2671,0.923456434307,0.912718568792,75,7.5,26,1,2053,2051,-0.019941750243,-0.023009711818,76,7.6,25,0
170,2026-09-05T04:43:03.211626+00:00,172144437000000,172144484000000,10.016000000,online_inference,1,0,2089,2088,0.101242732000,0.099708751213,76,7.6,27,0,2662,2669,0.914252549580,0.924990415095,75,7.5,26,1,2587,2581,0.811475836792,0.802271952064,76,7.6,27,1,2678,2671,0.923456434307,0.912718568792,75,7.5,26,1,2053,2051,-0.019941750243,-0.023009711818,75,7.5,25,1
171,2026-09-05T04:43:03.257236+00:00,172144500000000,172144531000000,10.063000000,online_inference,1,0,2089,2088,0.101242732000,0.099708751213,76,7.6,27,0,2662,2669,0.914252549580,0.924990415095,75,7.5,26,0,2587,2581,0.811475836792,0.802271952064,76,7.6,27,2,2678,2671,0.923456434307,0.912718568792,75,7.5,26,1,2053,2051,-0.019941750243,-0.023009711818,75,7.5,25,0
172,2026-09-05T04:43:03.311455+00:00,172144546000000,172144593000000,10.125000000,online_inference,1,0,2089,2088,0.101242732000,0.099708751213,76,7.6,27,0,2662,2669,0.914252549580,0.924990415095,75,7.5,26,1,2587,2581,0.811475836792,0.802271952064,76,7.6,27,1,2678,2671,0.923456434307,0.912718568792,75,7.5,26,1,2053,2051,-0.019941750243,-0.023009711818,75,7.5,25,1
